correct prices,predictions,nearest neighbors
350.0,345.8,[350. 350. 350. 399. 280.]
375.0,328.0,[100. 400. 420. 375. 345.]
195.0,318.0,[195. 600. 195. 220. 380.]
140.0,116.0,[ 80. 100. 170.  90. 140.]
249.0,314.4,[249. 175. 249. 249. 650.]
395.0,378.0,[300. 400. 395. 395. 400.]
290.0,248.0,[240. 320. 300. 100. 280.]
350.0,350.0,[350. 350. 350. 350. 350.]
250.0,286.0,[ 80. 250. 600. 250. 250.]
145.0,194.0,[200. 175. 225. 145. 225.]
290.0,219.0,[280. 200. 290. 200. 125.]
290.0,219.0,[280. 200. 290. 200. 125.]
600.0,610.0,[600. 600. 600. 600. 650.]
350.0,320.0,[350. 350. 350. 200. 350.]
250.0,244.0,[250. 250. 250. 220. 250.]
335.0,326.0,[315. 300. 315. 400. 300.]
795.0,600.0,[750. 650. 650. 400. 550.]
480.0,364.0,[550. 300. 350. 320. 300.]
900.0,850.0,[900. 900. 650. 900. 900.]
160.0,148.0,[160.  75. 155. 275.  75.]
350.0,286.0,[350. 350. 350. 230. 150.]
205.0,171.0,[135. 160. 205. 135. 220.]
350.0,353.0,[350. 350. 350. 365. 350.]
440.0,343.0,[225. 400. 390. 260. 440.]
415.0,464.4,[500. 415. 600. 407. 400.]
345.0,345.4,[349. 379. 300. 350. 349.]
465.0,533.0,[465. 450. 500. 450. 800.]
405.0,374.0,[330. 405. 315. 520. 300.]
340.0,267.8,[290. 240. 290. 280. 239.]
230.0,221.8,[225. 250. 299. 200. 135.]
160.0,185.8,[160. 160. 160. 149. 300.]
600.0,772.0,[600. 950. 960. 750. 600.]
320.0,377.0,[320. 320. 565. 340. 340.]
175.0,165.0,[175. 175. 150. 150. 175.]
300.0,300.0,[300. 300. 300. 300. 300.]
279.0,186.8,[200.  95. 200. 279. 160.]
439.0,454.6,[439. 439. 425. 600. 370.]
480.0,391.8,[280. 480. 490. 190. 519.]
579.0,639.8,[600. 700. 700. 599. 600.]
640.0,268.0,[640. 250. 200. 180.  70.]
400.0,400.0,[400. 400. 400. 400. 400.]
120.0,176.8,[200. 175. 140. 169. 200.]
690.0,701.0,[690. 650. 750. 690. 725.]
350.0,350.0,[350. 350. 350. 350. 350.]
150.0,199.6,[150. 249. 299. 150. 150.]
99.0,110.4,[ 99.  99. 155. 129.  70.]
450.0,450.0,[450. 450. 450. 450. 450.]
500.0,371.0,[130. 325.  50. 600. 750.]
100.0,100.0,[100. 100. 100. 100. 100.]
370.0,326.0,[400. 300. 315. 315. 300.]
220.0,216.0,[220. 220. 200. 220. 220.]
280.0,188.0,[250. 290. 100. 200. 100.]
145.0,126.8,[145. 145. 145. 100.  99.]
49.0,71.0,[ 65.  75.  75. 100.  40.]
500.0,500.0,[500. 500. 500. 500. 500.]
320.0,345.8,[320. 315. 449. 320. 325.]
700.0,660.0,[700. 700. 700. 700. 500.]
100.0,116.0,[ 45. 115. 100. 100. 220.]
500.0,500.0,[500. 500. 500. 500. 500.]
720.0,798.8,[825. 999. 650. 720. 800.]
400.0,400.0,[400. 400. 400. 400. 400.]
120.0,135.4,[137.  90. 120. 180. 150.]
150.0,170.8,[150. 135. 250. 169. 150.]
500.0,500.0,[500. 500. 500. 500. 500.]
400.0,400.0,[400. 400. 400. 400. 400.]
400.0,400.0,[400. 400. 400. 400. 400.]
140.0,142.0,[140. 140. 180. 150. 100.]
130.0,124.0,[130. 130. 100. 130. 130.]
799.0,825.8,[ 799. 1100.  780. 1050.  400.]
350.0,379.8,[350. 450. 399. 350. 350.]
650.0,610.0,[650. 550. 550. 650. 650.]
175.0,175.0,[175. 175. 175. 175. 175.]
49.0,117.0,[150. 200.  80. 105.  50.]
375.0,358.0,[375. 320. 340. 380. 375.]
160.0,173.4,[199. 149. 160. 160. 199.]
160.0,173.4,[199. 149. 160. 160. 199.]
1000.0,830.0,[1000. 1000.  900.  450.  800.]
175.0,114.8,[175.  80. 120. 100.  99.]
90.0,152.0,[ 90. 250. 135. 140. 145.]
370.0,302.0,[100. 375. 360. 350. 325.]
400.0,400.0,[400. 400. 400. 400. 400.]
880.0,796.0,[870. 880. 880. 450. 900.]
40.0,87.0,[ 55.  40. 200.  40. 100.]
400.0,400.0,[400. 400. 400. 400. 400.]
550.0,556.0,[550. 550. 530. 550. 600.]
350.0,350.0,[350. 350. 350. 350. 350.]
280.0,272.0,[230. 280. 280. 290. 280.]
65.0,198.8,[100. 275. 250. 240. 129.]
450.0,450.0,[450. 450. 450. 450. 450.]
635.0,667.8,[690. 650. 599. 700. 700.]
380.0,364.0,[380. 380. 300. 380. 380.]
600.0,580.0,[600. 500. 600. 600. 600.]
180.0,227.6,[249. 260. 150. 180. 299.]
79.0,126.4,[120. 185. 193.  79.  55.]
131.0,128.0,[120. 150. 140. 150.  80.]
100.0,112.0,[100. 125. 140.  95. 100.]
380.0,380.0,[380. 380. 380. 380. 380.]
720.0,722.0,[720. 720. 720. 700. 750.]
375.0,340.8,[325. 375. 529. 375. 100.]
100.0,100.0,[100. 100. 100. 100. 100.]
160.0,288.0,[160. 875. 125. 180. 100.]
299.0,263.8,[250. 299. 240. 270. 260.]
300.0,310.0,[350. 300. 300. 300. 300.]
400.0,400.0,[400. 400. 400. 400. 400.]
160.0,234.0,[115. 200. 235. 270. 350.]
340.0,342.0,[340. 340. 340. 340. 350.]
380.0,362.0,[380. 350. 350. 380. 350.]
400.0,490.0,[400. 400. 400. 400. 850.]
135.0,119.0,[135.  70. 155. 135. 100.]
420.0,521.8,[420. 420. 850. 499. 420.]
110.0,205.0,[260. 200. 225. 240. 100.]
695.0,805.0,[800. 825. 650. 900. 850.]
70.0,162.0,[250.  70.  55. 210. 225.]
500.0,560.0,[500. 500. 800. 500. 500.]
175.0,137.0,[175. 100. 210. 100. 100.]
500.0,539.0,[475. 620. 600. 500. 500.]
100.0,111.0,[100. 100.  55. 200. 100.]
300.0,210.8,[100. 220. 275. 259. 200.]
325.0,375.0,[400. 325. 400. 425. 325.]
150.0,156.0,[150.  90. 150. 250. 140.]
150.0,160.0,[150. 150. 160. 190. 150.]
460.0,463.0,[450. 460. 480. 475. 450.]
460.0,463.0,[450. 460. 480. 475. 450.]
460.0,463.0,[450. 460. 480. 475. 450.]
460.0,463.0,[450. 460. 480. 475. 450.]
460.0,463.0,[450. 460. 480. 475. 450.]
175.0,219.8,[225. 200. 199. 300. 175.]
400.0,400.0,[400. 400. 400. 400. 400.]
400.0,400.0,[400. 400. 400. 400. 400.]
650.0,650.0,[650. 650. 650. 650. 650.]
825.0,810.0,[825. 825. 825. 825. 750.]
350.0,368.0,[350. 350. 390. 400. 350.]
480.0,483.8,[480. 499. 480. 480. 480.]
50.0,187.8,[ 50. 189. 250. 250. 200.]
65.0,65.0,[65. 65. 65. 65. 65.]
110.0,285.0,[125. 450. 100. 390. 360.]
65.0,91.0,[ 60.  65.  65.  90. 175.]
69.0,113.6,[ 69.  69. 280.  50. 100.]
950.0,862.0,[ 950.  950. 1000.  950.  460.]
175.0,178.0,[160. 175. 220. 160. 175.]
150.0,115.8,[150. 100.  80.  99. 150.]
560.0,546.0,[500. 500. 500. 730. 500.]
65.0,71.0,[65. 65. 95. 65. 65.]
100.0,110.0,[100. 100. 100. 150. 100.]
220.0,244.0,[220. 290. 220. 250. 240.]
170.0,192.8,[135. 169. 200. 170. 290.]
200.0,255.0,[200. 250. 225. 400. 200.]
200.0,218.0,[200. 200. 200. 200. 290.]
170.0,166.0,[150. 100. 260. 150. 170.]
80.0,183.0,[ 80. 260. 150. 245. 180.]
239.0,267.8,[200. 500. 239. 200. 200.]
400.0,383.0,[400. 400. 400. 315. 400.]
380.0,380.0,[380. 380. 380. 380. 380.]
1000.0,749.4,[ 798. 1000.  800.  799.  350.]
160.0,161.6,[160. 190. 149. 160. 149.]
185.0,217.0,[160. 350. 175. 250. 150.]
500.0,447.0,[520. 400. 500. 315. 500.]
650.0,620.0,[650. 650. 650. 650. 500.]
790.0,785.0,[800. 825. 600. 900. 800.]
650.0,673.0,[840. 650. 500. 975. 400.]
340.0,339.0,[340. 350. 340. 325. 340.]
400.0,268.0,[260. 350. 100. 400. 230.]
260.0,264.0,[260. 260. 250. 300. 250.]
110.0,170.8,[180. 149. 110. 140. 275.]
65.0,165.0,[ 50. 160. 290. 175. 150.]
300.0,289.8,[300. 300. 300. 249. 300.]
325.0,330.0,[325. 325. 325. 350. 325.]
400.0,400.0,[400. 400. 400. 400. 400.]
375.0,383.0,[375. 375. 375. 375. 415.]
150.0,150.0,[150. 150. 150. 150. 150.]
440.0,419.0,[350. 400. 330. 565. 450.]
299.0,157.8,[ 65. 170. 125. 299. 130.]
550.0,550.0,[550. 700. 550. 400. 550.]
520.0,631.0,[550. 580. 750. 800. 475.]
650.0,620.0,[500. 650. 650. 650. 650.]
650.0,620.0,[500. 650. 650. 650. 650.]
175.0,166.8,[190. 120. 150. 199. 175.]
875.0,824.8,[1000.  875.  800.  949.  500.]
350.0,362.0,[350. 350. 360. 400. 350.]
800.0,740.0,[800. 800. 800. 800. 500.]
800.0,795.0,[800. 800. 800. 775. 800.]
900.0,864.0,[900. 900. 900. 720. 900.]
270.0,224.0,[250. 180. 200. 270. 220.]
270.0,264.0,[270. 290. 250. 270. 240.]
250.0,163.0,[190. 250.  70. 150. 155.]
75.0,225.0,[250. 180. 200. 275. 220.]
450.0,562.0,[450. 450. 560. 650. 700.]
480.0,466.0,[500. 500. 500. 350. 480.]
170.0,162.8,[155. 170. 129. 175. 185.]
75.0,89.0,[ 75. 145.  75.  75.  75.]
875.0,774.8,[875. 900. 700. 699. 700.]
250.0,222.0,[150. 250. 200. 260. 250.]
210.0,252.0,[250. 240. 240. 270. 260.]
800.0,800.0,[800. 800. 800. 800. 800.]
220.0,210.8,[220. 100. 275. 200. 259.]
810.0,750.0,[750. 800. 750. 700. 750.]
725.0,1030.0,[1100. 1100. 1100. 1000.  850.]
280.0,219.0,[200. 220. 195. 200. 280.]
450.0,322.4,[199. 225. 450. 288. 450.]
50.0,98.8,[ 50.  50. 125. 169. 100.]
620.0,705.6,[ 600.  500.  900. 1000.  528.]
360.0,360.0,[360. 360. 360. 360. 360.]
520.0,485.2,[520. 499. 399. 550. 458.]
520.0,516.8,[520. 520. 549. 520. 475.]
760.0,721.4,[760. 900. 798. 799. 350.]
450.0,536.0,[850. 450. 450. 480. 450.]
675.0,775.0,[650. 900. 950. 675. 700.]
750.0,820.0,[750. 750. 900. 900. 800.]
240.0,224.0,[240. 240. 160. 240. 240.]
1000.0,847.8,[1000.  999.  690.  750.  800.]
500.0,500.0,[500. 500. 500. 500. 500.]
600.0,620.0,[600. 600. 600. 700. 600.]
560.0,760.0,[750. 750. 750. 800. 750.]
700.0,700.0,[700. 700. 700. 700. 700.]
725.0,710.8,[999. 900. 380. 425. 850.]
250.0,255.4,[279. 250. 250. 248. 250.]
660.0,825.8,[875. 780. 750. 899. 825.]
450.0,476.0,[450. 450. 450. 450. 580.]
650.0,650.0,[650. 650. 650. 650. 650.]
280.0,160.0,[160. 180. 150. 150. 160.]
650.0,575.0,[650. 525. 450. 600. 650.]
400.0,400.0,[400. 400. 400. 400. 400.]
400.0,336.0,[400. 400. 355. 250. 275.]
150.0,145.8,[150. 150. 150. 150. 129.]
700.0,675.0,[700. 700. 700. 575. 700.]
700.0,700.0,[700. 700. 700. 700. 700.]
100.0,130.0,[100. 100. 100. 220. 130.]
600.0,600.0,[600. 600. 600. 600. 600.]
800.0,720.0,[800. 800. 800. 600. 600.]
250.0,298.0,[250. 250. 250. 250. 490.]
165.0,159.8,[165. 129. 180. 165. 160.]
125.0,129.6,[150. 149. 125.  99. 125.]
399.0,290.6,[399. 280. 399. 100. 275.]
79.0,115.6,[ 79. 110. 200. 110.  79.]
420.0,358.8,[397. 397. 350. 350. 300.]
180.0,180.0,[180. 180. 180. 180. 180.]
350.0,350.0,[350. 350. 350. 350. 350.]
700.0,744.8,[700. 700. 875. 899. 550.]
190.0,137.8,[100. 150. 129. 190. 120.]
350.0,350.0,[350. 350. 350. 350. 350.]
350.0,346.0,[350. 350. 350. 350. 330.]
200.0,196.0,[200. 200. 180. 200. 200.]
700.0,760.0,[700. 700. 800. 900. 700.]
60.0,169.0,[200. 265. 150.  80. 150.]
60.0,221.0,[ 60. 350. 240. 280. 175.]
180.0,197.0,[190. 240. 180. 195. 180.]
425.0,340.0,[270. 425. 350. 230. 425.]
750.0,740.0,[750. 750. 700. 750. 750.]
170.0,181.0,[170. 175. 150. 250. 160.]
790.0,786.0,[800. 750. 800. 700. 880.]
600.0,520.0,[550. 600. 550. 300. 600.]
425.0,355.0,[300. 400. 450. 325. 300.]
550.0,550.0,[550. 550. 550. 600. 500.]
300.0,222.0,[200. 130. 300. 300. 180.]
140.0,124.0,[140. 140. 140. 140.  60.]
260.0,242.8,[249. 275. 280. 260. 150.]
1000.0,1000.0,[1000. 1000. 1000. 1000. 1000.]
425.0,400.0,[425. 425. 425. 425. 300.]
630.0,847.8,[ 750.  800.  999.  690. 1000.]
825.0,859.8,[800. 999. 900. 800. 800.]
300.0,300.0,[300. 300. 300. 300. 300.]
110.0,239.0,[150. 280. 255. 260. 250.]
400.0,400.0,[400. 400. 400. 400. 400.]
100.0,113.2,[100. 100. 100.  99. 167.]
250.0,232.0,[250. 250. 250. 250. 160.]
920.0,712.8,[715. 750. 749. 750. 600.]
300.0,319.8,[300. 300. 300. 399. 300.]
80.0,63.0,[80. 60. 70. 65. 40.]
280.0,218.0,[280. 280. 150. 280. 100.]
85.0,101.0,[150.  60.  40. 125. 130.]
200.0,185.0,[100. 275. 200. 150. 200.]
450.0,364.0,[300. 450. 450. 320. 300.]
35.0,117.6,[ 55. 185. 120.  35. 193.]
325.0,486.0,[ 330.  325.  375.  400. 1000.]
458.0,561.6,[458. 750. 600. 450. 550.]
150.0,150.0,[150. 150. 150. 150. 150.]
175.0,166.0,[175. 140. 175. 250.  90.]
275.0,277.0,[275. 270. 275. 290. 275.]
150.0,170.0,[150. 150. 150. 250. 150.]
500.0,440.0,[500. 500. 350. 500. 350.]
185.0,200.0,[185. 185. 200. 180. 250.]
150.0,155.0,[150. 150. 150. 150. 175.]
150.0,142.0,[150. 110. 150. 150. 150.]
200.0,171.8,[135. 175. 200. 149. 200.]
45.0,252.0,[270. 240. 260. 240. 250.]
200.0,180.8,[200. 200. 129. 175. 200.]
200.0,177.6,[200. 149. 190. 149. 200.]
185.0,213.6,[299. 150. 185. 249. 185.]
380.0,373.8,[380. 380. 380. 380. 349.]
400.0,400.0,[400. 400. 400. 400. 400.]
400.0,400.0,[400. 400. 400. 400. 400.]
275.0,232.6,[275. 200. 260. 160. 268.]
275.0,277.6,[275. 275. 275. 275. 288.]
185.0,180.0,[140. 200. 220.  90. 250.]
500.0,500.0,[500. 500. 500. 500. 500.]
275.0,238.0,[275. 275. 275. 165. 200.]
150.0,135.0,[150. 150. 150.  40. 185.]
270.0,255.0,[270. 250. 280. 260. 215.]
120.0,123.0,[130. 120. 120. 120. 125.]
380.0,374.0,[380. 380. 380. 380. 350.]
250.0,250.0,[250. 250. 250. 250. 250.]
200.0,212.0,[200. 260. 200. 200. 200.]
275.0,285.0,[250. 275. 400. 225. 275.]
275.0,231.0,[275. 275. 275. 150. 180.]
275.0,272.0,[275. 275. 275. 275. 260.]
400.0,400.0,[400. 400. 400. 400. 400.]
460.0,397.8,[469. 250. 550. 460. 260.]
700.0,710.0,[750. 700. 700. 700. 700.]
300.0,356.0,[340. 300. 400. 350. 390.]
160.0,182.0,[250. 160. 160. 180. 160.]
125.0,182.6,[169. 190. 100. 205. 249.]
350.0,350.0,[350. 350. 350. 350. 350.]
150.0,111.0,[150.  50.  55. 150. 150.]
150.0,140.0,[150. 150. 100. 150. 150.]
250.0,204.8,[250. 200. 225. 250.  99.]
300.0,300.0,[300. 300. 300. 300. 300.]
300.0,300.0,[300. 300. 300. 300. 300.]
800.0,800.0,[800. 800. 800. 800. 800.]
850.0,850.0,[850. 800. 900. 850. 850.]
400.0,400.0,[400. 400. 400. 400. 400.]
150.0,148.0,[150. 130. 160. 150. 150.]
300.0,309.8,[300. 300. 300. 300. 349.]
180.0,176.0,[180. 180. 180. 160. 180.]
900.0,740.0,[650. 400. 900. 850. 900.]
375.0,369.8,[375. 375. 375. 349. 375.]
300.0,309.8,[300. 300. 300. 300. 349.]
370.0,366.0,[370. 370. 350. 370. 370.]
38.0,66.0,[60. 80. 65. 65. 60.]
200.0,211.8,[200. 200. 200. 259. 200.]
500.0,649.8,[950. 500. 500. 799. 500.]
725.0,859.0,[725. 900. 850. 850. 970.]
150.0,367.8,[150. 150. 650. 600. 289.]
79.0,98.8,[ 70.  79. 100.  65. 180.]
60.0,228.0,[135. 490. 195. 220. 100.]
100.0,134.8,[100.  79. 100. 125. 270.]
45.0,74.0,[ 45.  45. 120.  45. 115.]
600.0,580.0,[600. 600. 600. 600. 500.]
650.0,650.0,[650. 650. 650. 650. 650.]
400.0,400.0,[400. 400. 400. 400. 400.]
500.0,500.0,[500. 500. 500. 500. 500.]
450.0,450.0,[450. 450. 450. 450. 450.]
100.0,190.0,[100. 100. 250. 400. 100.]
260.0,286.4,[260. 360. 225. 288. 299.]
320.0,293.8,[320. 320. 320. 299. 210.]
850.0,809.8,[850. 650. 900. 799. 850.]
220.0,115.0,[150.  80.  90.  75. 180.]
500.0,595.0,[500. 500. 500. 975. 500.]
590.0,532.0,[450. 500. 660. 550. 500.]
650.0,620.0,[650. 650. 650. 650. 500.]
695.0,585.0,[585. 525. 700. 575. 540.]
160.0,151.8,[179. 160. 160. 160. 100.]
600.0,600.0,[600. 600. 600. 600. 600.]
600.0,600.0,[600. 600. 600. 600. 600.]
200.0,214.0,[180. 200. 200. 290. 200.]
500.0,500.0,[500. 500. 500. 500. 500.]
750.0,724.0,[750. 750. 750. 750. 620.]
140.0,140.0,[140. 140. 140. 140. 140.]
960.0,749.2,[ 416. 1100. 1050.  400.  780.]
400.0,400.0,[400. 400. 400. 400. 400.]
190.0,155.6,[190. 240. 140.  79. 129.]
280.0,280.0,[280. 280. 280. 280. 280.]
280.0,271.0,[280. 280. 280. 280. 235.]
325.0,330.0,[300. 350. 350. 325. 325.]
400.0,400.0,[400. 400. 400. 400. 400.]
275.0,329.0,[700. 275. 220. 175. 275.]
700.0,460.0,[440. 380. 480. 700. 300.]
175.0,176.8,[175. 200. 140. 200. 169.]
1050.0,1019.8,[1050.  899. 1050. 1050. 1050.]
900.0,749.4,[900. 798. 350. 900. 799.]
700.0,590.0,[700. 700. 700. 300. 550.]
850.0,820.0,[850. 850. 750. 850. 800.]
225.0,178.6,[190. 180. 225. 149. 149.]
280.0,305.6,[380. 299. 350. 249. 250.]
270.0,284.4,[299. 250. 360. 288. 225.]
65.0,74.0,[155.  35.  65.  65.  50.]
325.0,340.8,[325. 325. 379. 350. 325.]
400.0,400.0,[400. 400. 400. 400. 400.]
280.0,282.0,[280. 280. 280. 290. 280.]
100.0,116.0,[100.  40. 100. 100. 240.]
325.0,325.0,[325. 325. 325. 325. 325.]
170.0,184.0,[170. 170. 170. 240. 170.]
220.0,217.8,[230. 220. 220. 250. 169.]
90.0,151.8,[149. 150. 135. 250.  75.]
350.0,420.0,[350. 550. 350. 300. 550.]
850.0,840.0,[900. 850. 800. 850. 800.]
328.0,349.2,[328. 328. 360. 400. 330.]
850.0,764.0,[670. 600. 850. 850. 850.]
950.0,919.8,[950. 799. 950. 950. 950.]
150.0,129.8,[150. 150. 150. 120.  79.]
150.0,138.0,[150. 150. 120. 120. 150.]
850.0,800.0,[ 850.  850.  850. 1050.  400.]
780.0,757.0,[780. 780. 500. 825. 900.]
425.0,395.0,[425. 400. 425. 300. 425.]
250.0,229.0,[250. 250. 190. 205. 250.]
180.0,179.8,[180. 180. 179. 180. 180.]
450.0,413.0,[450. 340. 450. 375. 450.]
150.0,130.0,[150. 150. 150. 150.  50.]
340.0,340.0,[380. 350. 300. 330. 340.]
300.0,290.0,[300. 300. 260. 300. 290.]
730.0,630.0,[550. 500. 750. 600. 750.]
90.0,141.0,[ 90. 150. 100.  90. 275.]
300.0,300.0,[300. 300. 300. 300. 300.]
200.0,214.0,[180. 200. 200. 290. 200.]
450.0,480.0,[450. 450. 600. 450. 450.]
90.0,85.0,[ 60.  40.  90. 150.  85.]
180.0,250.8,[229. 180.  75. 550. 220.]
200.0,191.8,[200. 210. 129. 200. 220.]
375.0,383.0,[375. 375. 375. 375. 415.]
90.0,132.0,[100.  70. 300. 100.  90.]
850.0,564.0,[480. 850. 440. 400. 650.]
38.0,198.8,[240. 275. 250. 100. 129.]
530.0,576.0,[550. 600. 650. 530. 550.]
78.0,215.0,[220. 190. 115. 420. 130.]
120.0,140.0,[120. 120. 275.  65. 120.]
150.0,138.0,[135.  80. 100. 150. 225.]
160.0,186.8,[150. 255. 129. 100. 300.]
600.0,600.0,[600. 600. 600. 600. 600.]
180.0,184.0,[180. 150. 180. 260. 150.]
50.0,67.0,[ 50.  50.  50.  65. 120.]
500.0,517.0,[500. 500. 585. 500. 500.]
650.0,650.0,[650. 650. 650. 650. 650.]
100.0,105.0,[100. 100. 100. 125. 100.]
250.0,233.8,[250. 250. 250. 250. 169.]
600.0,600.0,[600. 600. 600. 600. 600.]
649.0,264.0,[200. 400. 300. 220. 200.]
900.0,840.0,[900. 900. 900. 900. 600.]
160.0,154.0,[160. 160. 150. 150. 150.]
450.0,450.0,[450. 450. 450. 450. 450.]
175.0,178.0,[175. 175. 175. 190. 175.]
290.0,90.0,[150.  50. 100. 100.  50.]
119.0,111.0,[125. 100. 100. 150.  80.]
200.0,200.0,[200. 200. 200. 200. 200.]
300.0,308.0,[300. 340. 300. 300. 300.]
599.0,549.6,[500. 399. 600. 650. 599.]
200.0,215.0,[200. 200. 200. 200. 275.]
550.0,580.0,[550. 550. 550. 550. 700.]
240.0,252.0,[240. 240. 240. 250. 290.]
700.0,640.0,[700. 500. 700. 700. 600.]
650.0,600.0,[650. 600. 600. 500. 650.]
650.0,600.0,[650. 600. 600. 500. 650.]
375.0,360.0,[375. 310. 400. 340. 375.]
150.0,153.8,[150. 150. 169. 150. 150.]
35.0,321.4,[329. 100. 250. 799. 129.]
1100.0,961.8,[1000.  709.  950. 1100. 1050.]
100.0,104.8,[100. 125.  99. 100. 100.]
230.0,254.0,[230. 150. 220. 250. 420.]
320.0,352.0,[320. 320. 320. 400. 400.]
650.0,569.0,[550. 735. 520. 550. 490.]
340.0,258.0,[340. 150. 350. 100. 350.]
440.0,384.0,[440. 250. 440. 350. 440.]
230.0,206.0,[230. 200. 200. 200. 200.]
600.0,620.0,[600. 600. 700. 600. 600.]
200.0,200.0,[200. 200. 200. 200. 200.]
280.0,280.0,[280. 280. 280. 280. 280.]
735.0,537.8,[240. 250. 799. 700. 700.]
600.0,620.0,[600. 600. 600. 700. 600.]
110.0,108.0,[110. 110. 110. 160.  50.]
900.0,900.0,[900. 900. 900. 900. 900.]
75.0,74.0,[75. 90. 80. 65. 60.]
350.0,350.0,[350. 350. 350. 350. 350.]
890.0,847.8,[ 999. 1000.  750.  800.  690.]
175.0,179.4,[175. 149. 175. 199. 199.]
60.0,92.0,[ 60. 240.  60.  60.  40.]
140.0,179.8,[210. 140. 129. 200. 220.]
330.0,373.0,[425. 380. 400. 330. 330.]
375.0,330.0,[325. 300. 300. 350. 375.]
600.0,520.0,[550. 600. 550. 300. 600.]
50.0,70.0,[ 50.  50.  50.  50. 150.]
450.0,468.0,[450. 450. 450. 450. 540.]
80.0,202.8,[225. 180. 259. 160. 190.]
110.0,152.0,[110. 160. 240. 140. 110.]
38.0,618.0,[650. 800. 290. 950. 400.]
85.0,107.4,[100. 160.  85.  69. 123.]
220.0,210.8,[220. 100. 275. 200. 259.]
750.0,740.0,[750. 750. 750. 650. 800.]
250.0,560.0,[250. 800. 750. 750. 250.]
100.0,103.8,[100. 100. 120.  99. 100.]
345.0,370.0,[350. 400. 400. 350. 350.]
150.0,150.8,[150. 150. 125. 169. 160.]
290.0,343.0,[290. 290. 250. 520. 365.]
450.0,386.0,[500. 230. 600. 150. 450.]
450.0,450.0,[450. 450. 450. 450. 450.]
650.0,680.0,[650. 650. 650. 650. 800.]
150.0,142.0,[150. 110. 150. 150. 150.]
185.0,173.8,[160. 180. 179. 180. 170.]
230.0,245.8,[230. 280. 240. 239. 240.]
270.0,261.6,[270. 270. 250. 270. 248.]
130.0,157.0,[130. 125. 270. 130. 130.]
549.0,522.8,[549. 500. 450. 550. 565.]
699.0,561.6,[720. 699. 340. 399. 650.]
240.0,250.0,[300. 240. 240. 170. 300.]
280.0,316.8,[299. 340. 340. 310. 295.]
260.0,256.0,[260. 260. 260. 240. 260.]
850.0,826.0,[850. 850. 700. 850. 880.]
200.0,225.8,[200. 200. 420. 159. 150.]
850.0,850.0,[850. 850. 850. 850. 850.]
500.0,500.0,[500. 500. 500. 500. 500.]
750.0,759.8,[750. 799. 750. 750. 750.]
45.0,200.8,[ 40. 220. 100. 599.  45.]
100.0,105.0,[100. 100. 100. 125. 100.]
890.0,847.8,[ 999. 1000.  750.  800.  690.]
70.0,326.8,[280. 180. 875. 100. 199.]
60.0,87.8,[ 90.  60. 150.  60.  79.]
290.0,241.6,[250. 250. 179. 239. 290.]
250.0,250.0,[250. 250. 250. 250. 250.]
65.0,138.4,[105. 237.  65. 220.  65.]
699.0,847.8,[ 750.  800.  999.  690. 1000.]
250.0,250.0,[300. 250. 250. 200. 250.]
150.0,155.0,[150. 150. 175. 150. 150.]
290.0,251.0,[290. 295. 320. 250. 100.]
290.0,246.0,[290. 200. 250. 290. 200.]
560.0,482.0,[550. 460. 500. 100. 800.]
300.0,316.0,[300. 300. 300. 300. 380.]
800.0,800.0,[800. 800. 800. 800. 800.]
300.0,300.0,[300. 300. 300. 300. 300.]
180.0,187.6,[180. 180. 199. 180. 199.]
250.0,210.0,[180. 250. 240. 130. 250.]
380.0,381.0,[380. 380. 380. 380. 385.]
370.0,356.0,[370. 320. 380. 340. 370.]
300.0,300.0,[300. 300. 300. 300. 300.]
350.0,350.0,[350. 350. 350. 350. 350.]
180.0,203.0,[180. 180. 180. 275. 200.]
450.0,446.0,[450. 450. 430. 450. 450.]
450.0,450.0,[450. 450. 450. 450. 450.]
500.0,520.0,[500. 500. 500. 500. 600.]
550.0,615.0,[550. 550. 550. 630. 795.]
650.0,622.0,[650. 650. 650. 500. 660.]
850.0,850.0,[850. 850. 850. 850. 850.]
900.0,900.0,[900. 900. 900. 900. 900.]
900.0,900.0,[900. 900. 900. 900. 900.]
130.0,135.0,[130. 130. 130. 155. 130.]
140.0,140.0,[140. 140. 140. 140. 140.]
375.0,332.0,[375. 400. 135. 425. 325.]
560.0,557.8,[499. 565. 550. 700. 475.]
660.0,663.0,[660. 660. 660. 675. 660.]
75.0,110.0,[ 75.  75.  75.  75. 250.]
100.0,100.0,[100. 100. 100. 100. 100.]
125.0,114.0,[125. 125. 100.  65. 155.]
45.0,68.0,[ 35.  45.  40. 180.  40.]
150.0,160.0,[150. 200. 150. 150. 150.]
110.0,144.0,[110. 110. 100. 100. 300.]
400.0,429.8,[400. 400. 599. 400. 350.]
85.0,183.0,[150. 140. 100. 275. 250.]
350.0,340.0,[300. 350. 350. 350. 350.]
490.0,495.0,[400. 550. 550. 525. 450.]
150.0,139.8,[149. 120. 150. 130. 150.]
125.0,155.0,[125. 125. 125. 150. 250.]
850.0,730.0,[850. 850. 850. 300. 800.]
55.0,339.0,[ 55. 630. 900.  55.  55.]
399.0,355.6,[399. 379. 300. 350. 350.]
260.0,260.0,[260. 260. 260. 260. 260.]
700.0,709.8,[700. 700. 799. 700. 650.]
160.0,173.4,[199. 149. 160. 160. 199.]
140.0,121.0,[140. 105. 110. 140. 110.]
260.0,260.0,[260. 260. 260. 260. 260.]
199.0,139.0,[150. 140. 180.  65. 160.]
350.0,350.0,[350. 350. 350. 350. 350.]
150.0,132.0,[150.  60. 150. 150. 150.]
340.0,328.0,[315. 325. 340. 340. 320.]
550.0,540.0,[550. 550. 550. 500. 550.]
240.0,167.8,[140. 240.  79. 140. 240.]
250.0,190.0,[250. 250. 150. 150. 150.]
180.0,182.0,[180. 180. 180. 180. 190.]
300.0,324.0,[300. 300. 400. 320. 300.]
550.0,789.0,[795. 800. 900. 900. 550.]
99.0,154.6,[210.  99. 150.  99. 215.]
199.0,197.6,[259. 190. 180. 160. 199.]
299.0,289.0,[299. 299. 299. 299. 249.]
70.0,244.0,[ 70.  80. 225.  70. 775.]
155.0,142.8,[150. 155.  99. 155. 155.]
470.0,382.8,[399. 425. 300. 390. 400.]
310.0,333.0,[310. 310. 375. 370. 300.]
400.0,396.0,[400. 400. 400. 380. 400.]
495.0,180.0,[100. 100. 100. 100. 500.]
700.0,700.0,[700. 700. 700. 700. 700.]
940.0,874.0,[900. 850. 750. 900. 970.]
280.0,280.0,[280. 280. 280. 280. 280.]
340.0,353.0,[340. 340. 350. 375. 360.]
900.0,912.0,[900. 900. 960. 900. 900.]
150.0,152.0,[150. 160. 150. 150. 150.]
150.0,150.0,[150. 150. 150. 150. 150.]
180.0,191.0,[180. 180. 195. 200. 200.]
55.0,68.0,[ 55.  55. 120.  55.  55.]
90.0,505.0,[550. 425. 625. 480. 445.]
240.0,219.0,[240. 240. 240. 240. 135.]
160.0,181.0,[160. 160. 280. 155. 150.]
399.0,439.4,[399. 399. 349. 650. 400.]
525.0,576.6,[750. 600. 525. 550. 458.]
299.0,324.4,[299. 299. 350. 299. 375.]
280.0,242.0,[280. 210. 300. 220. 200.]
190.0,117.8,[ 65. 169. 110. 110. 135.]
500.0,500.0,[500. 500. 500. 500. 500.]
700.0,814.0,[ 850. 1000.  800.  700.  720.]
300.0,269.0,[300. 300. 245. 300. 200.]
180.0,222.0,[180. 180. 240. 290. 220.]
489.0,493.6,[465. 549. 529. 500. 425.]
150.0,233.0,[150. 210. 125. 130. 550.]
100.0,135.0,[100. 100. 100. 175. 200.]
260.0,244.0,[150. 260. 260. 260. 290.]
300.0,341.0,[300. 380. 300. 300. 425.]
700.0,670.0,[700. 700. 700. 700. 550.]
400.0,400.0,[400. 400. 400. 400. 400.]
200.0,200.0,[200. 200. 200. 200. 200.]
65.0,192.8,[420.  79. 115. 220. 130.]
350.0,348.0,[350. 350. 350. 350. 340.]
450.0,484.8,[450. 450. 450. 475. 599.]
65.0,183.0,[ 60.  65.  40. 390. 360.]
830.0,745.0,[ 830.  800.  795. 1000.  300.]
110.0,426.8,[220. 279. 925. 230. 480.]
120.0,176.8,[200. 175. 140. 169. 200.]
610.0,514.0,[600. 700. 400. 320. 550.]
490.0,378.8,[490. 525. 650.  60. 169.]
80.0,83.8,[80. 80. 80. 99. 80.]
200.0,194.8,[200. 200. 225. 149. 200.]
140.0,120.0,[140. 140. 100.  80. 140.]
260.0,176.0,[150. 150. 160. 260. 160.]
125.0,115.0,[100. 125. 100. 150. 100.]
520.0,521.8,[520. 520. 499. 520. 550.]
215.0,203.6,[275. 215. 200. 248.  80.]
75.0,175.0,[140. 200. 200. 200. 135.]
200.0,223.8,[200. 200. 320. 179. 220.]
480.0,410.0,[480. 360. 330. 400. 480.]
350.0,296.0,[300. 200. 350. 380. 250.]
740.0,810.0,[650. 800. 850. 850. 900.]
540.0,339.0,[230. 555. 500. 135. 275.]
750.0,864.0,[750. 850. 900. 850. 970.]
189.0,177.8,[140. 189. 220.  90. 250.]
60.0,166.0,[100.  60.  60. 550.  60.]
600.0,600.0,[600. 600. 600. 600. 600.]
625.0,600.0,[625. 625. 625. 625. 500.]
160.0,164.0,[160. 160. 180. 160. 160.]
400.0,400.0,[400. 400. 400. 400. 400.]
100.0,102.0,[100. 100. 100. 100. 110.]
300.0,330.0,[300. 400. 350. 300. 300.]
899.0,799.8,[800. 600. 899. 900. 800.]
899.0,799.8,[800. 600. 899. 900. 800.]
480.0,536.0,[480. 550. 500. 550. 600.]
75.0,71.0,[70. 75. 75. 60. 75.]
800.0,694.6,[549. 800. 875. 449. 800.]
125.0,145.0,[130. 160. 180. 130. 125.]
800.0,694.6,[549. 800. 875. 449. 800.]
1000.0,976.0,[1000.  880. 1000. 1000. 1000.]
360.0,360.0,[360. 360. 360. 360. 360.]
400.0,400.0,[400. 400. 400. 400. 400.]
800.0,820.0,[800. 800. 800. 900. 800.]
200.0,195.0,[200. 125. 250. 200. 200.]
120.0,123.8,[120. 120.  79. 150. 150.]
310.0,343.8,[315. 449. 310. 320. 325.]
550.0,520.0,[550. 450. 500. 550. 550.]
575.0,615.0,[650. 575. 700. 575. 575.]
199.0,160.6,[170. 199. 100. 165. 169.]
400.0,400.0,[400. 400. 400. 400. 400.]
350.0,339.8,[350. 350. 149. 350. 500.]
350.0,336.0,[280. 350. 350. 350. 350.]
150.0,195.6,[150. 180. 249. 150. 249.]
95.0,143.0,[150.  55. 150. 160. 200.]
480.0,547.0,[650. 480. 480. 600. 525.]
600.0,608.0,[600. 600. 600. 600. 640.]
385.0,360.0,[300. 360. 400. 340. 400.]
299.0,259.2,[299. 299. 299. 299. 100.]
600.0,600.0,[600. 600. 600. 600. 600.]
410.0,690.0,[ 700.  400. 1000.  600.  750.]
570.0,607.0,[570. 570. 570. 650. 675.]
600.0,670.0,[600. 950. 600. 600. 600.]
550.0,550.0,[550. 550. 550. 550. 550.]
690.0,668.0,[600. 750. 750. 690. 550.]
650.0,650.0,[650. 650. 650. 650. 650.]
799.0,839.8,[1000.  799.  800.  800.  800.]
600.0,608.0,[600. 600. 600. 600. 640.]
480.0,473.0,[480. 480. 475. 480. 450.]
160.0,112.0,[120. 160.  60.  60. 160.]
875.0,600.0,[650. 750. 350. 850. 400.]
925.0,806.0,[850. 780. 900. 750. 750.]
450.0,450.0,[450. 450. 450. 450. 450.]
540.0,584.8,[499. 600. 675. 550. 600.]
600.0,590.0,[600. 600. 650. 600. 500.]
100.0,93.0,[100. 100.  65. 100. 100.]
540.0,540.0,[540. 540. 540. 540. 540.]
550.0,550.0,[550. 550. 550. 550. 550.]
800.0,800.0,[800. 800. 800. 800. 800.]
340.0,386.0,[390. 400. 340. 400. 400.]
260.0,223.0,[260. 180. 275. 220. 180.]
280.0,248.0,[200. 280. 200. 280. 280.]
170.0,152.0,[170. 170. 230. 100.  90.]
115.0,122.8,[100. 115. 149. 190.  60.]
550.0,590.0,[550. 475. 475. 900. 550.]
300.0,288.0,[300. 300. 290. 290. 260.]
340.0,241.0,[200. 300. 170. 235. 300.]
180.0,173.8,[180. 180. 180. 149. 180.]
180.0,174.8,[165. 180. 180. 169. 180.]
300.0,284.0,[300. 300. 300. 290. 230.]
300.0,289.8,[300. 299. 300. 250. 300.]
300.0,300.0,[300. 300. 300. 300. 300.]
300.0,274.0,[300. 300. 300. 170. 300.]
300.0,288.0,[300. 300. 290. 290. 260.]
200.0,200.0,[200. 200. 200. 200. 200.]
75.0,119.0,[200.  95. 150.  75.  75.]
500.0,495.0,[500. 475. 500. 500. 500.]
300.0,300.0,[300. 300. 300. 300. 300.]
500.0,517.0,[500. 500. 585. 500. 500.]
825.0,765.8,[ 930.  825.  775. 1000.  299.]
900.0,904.0,[900. 970. 900. 850. 900.]
479.0,600.0,[ 500.  475. 1000.  450.  575.]
525.0,569.0,[525. 525. 525. 600. 670.]
250.0,255.4,[279. 250. 250. 248. 250.]
320.0,330.0,[320. 400. 315. 300. 315.]
580.0,596.0,[600. 600. 600. 600. 580.]
920.0,931.0,[ 900.  960. 1050.  920.  825.]
180.0,157.0,[160. 180. 160. 160. 125.]
450.0,490.0,[450. 450. 600. 450. 500.]
180.0,238.0,[280. 280. 225. 225. 180.]
50.0,79.8,[ 50.  50. 100.  50. 149.]
495.0,546.0,[500. 500. 500. 500. 730.]
550.0,550.0,[550. 550. 550. 550. 550.]
50.0,87.0,[ 50.  50. 240.  40.  55.]
200.0,212.0,[200. 240. 200. 220. 200.]
200.0,202.0,[200. 240. 170. 200. 200.]
200.0,240.0,[200. 200. 200. 300. 300.]
120.0,152.0,[120. 120. 200. 200. 120.]
50.0,50.0,[50. 50. 50. 50. 50.]
75.0,79.0,[95. 75. 75. 75. 75.]
175.0,162.8,[175. 180. 149. 175. 135.]
600.0,600.0,[600. 600. 600. 600. 600.]
500.0,500.0,[500. 500. 500. 500. 500.]
1000.0,494.0,[1000. 1000.  100.  210.  160.]
650.0,770.0,[ 650.  650.  800.  750. 1000.]
400.0,400.0,[400. 400. 400. 400. 400.]
800.0,868.0,[990. 800. 800. 950. 800.]
230.0,195.0,[230. 150. 140. 225. 230.]
75.0,62.0,[50. 75. 50. 60. 75.]
140.0,160.0,[140. 230. 150. 140. 140.]
150.0,124.0,[120.  50. 150. 150. 150.]
325.0,355.0,[325. 325. 325. 400. 400.]
580.0,629.8,[580. 580. 700. 599. 690.]
150.0,138.0,[150. 150. 150. 150.  90.]
410.0,370.0,[425. 425. 300. 350. 350.]
160.0,126.6,[ 65. 160. 169. 129. 110.]
200.0,200.0,[200. 200. 200. 200. 200.]
240.0,248.0,[280. 240. 240. 240. 240.]
779.0,789.8,[ 700.  700.  799.  750. 1000.]
300.0,360.0,[350. 300. 300. 550. 300.]
400.0,315.8,[400. 299. 390. 400.  90.]
1000.0,1000.0,[1000. 1000. 1000. 1000. 1000.]
170.0,124.4,[155. 129.  99. 169.  70.]
900.0,910.0,[900. 950. 900. 900. 900.]
800.0,800.0,[800. 800. 800. 800. 800.]
195.0,154.8,[150. 160. 169. 100. 195.]
385.0,335.0,[275. 400. 275. 425. 300.]
250.0,250.0,[250. 200. 300. 250. 250.]
800.0,800.0,[800. 800. 800. 800. 800.]
300.0,320.0,[300. 300. 400. 300. 300.]
260.0,334.8,[260. 375. 370. 370. 299.]
500.0,510.0,[500. 550. 500. 500. 500.]
875.0,875.0,[875. 875. 875. 875. 875.]
450.0,450.0,[450. 450. 450. 450. 450.]
90.0,186.8,[240. 150. 150. 239. 155.]
450.0,450.0,[450. 450. 450. 450. 450.]
550.0,560.0,[550. 550. 550. 600. 550.]
130.0,153.0,[130. 130. 130. 215. 160.]
85.0,130.8,[ 85.  79. 150. 160. 180.]
210.0,167.8,[165. 167. 140. 167. 200.]
140.0,122.0,[ 50. 140. 140. 140. 140.]
115.0,155.8,[100. 105. 295. 129. 150.]
250.0,220.0,[250. 250. 200. 200. 200.]
300.0,304.0,[300. 300. 300. 320. 300.]
130.0,137.6,[130. 130. 130. 169. 129.]
330.0,332.0,[300. 330. 400. 330. 300.]
600.0,593.0,[600. 600. 600. 565. 600.]
450.0,396.0,[450. 450. 400. 330. 350.]
150.0,183.0,[140. 160. 150. 150. 315.]
325.0,332.0,[330. 325. 300. 325. 380.]
140.0,142.0,[140. 150. 140. 140. 140.]
260.0,288.0,[370. 300. 250. 260. 260.]
680.0,822.0,[680. 850. 760. 970. 850.]
150.0,184.6,[150. 169. 249. 150. 205.]
600.0,755.8,[600. 780. 999. 600. 800.]
180.0,194.0,[180. 180. 250. 180. 180.]
350.0,350.0,[350. 350. 350. 350. 350.]
60.0,73.0,[ 60.  60.  60. 125.  60.]
790.0,547.8,[799. 240. 750. 700. 250.]
120.0,120.0,[120. 120. 120. 120. 120.]
200.0,154.0,[200. 140. 100. 130. 200.]
550.0,510.0,[550. 550. 550. 350. 550.]
440.0,533.0,[550. 440. 575. 550. 550.]
800.0,795.0,[800. 800. 800. 775. 800.]
725.0,655.0,[ 650. 1000.  500.  400.  725.]
500.0,500.0,[500. 500. 500. 500. 500.]
200.0,159.6,[200. 100. 169. 129. 200.]
480.0,480.0,[480. 480. 480. 480. 480.]
750.0,750.0,[750. 750. 750. 750. 750.]
525.0,631.0,[550. 580. 750. 800. 475.]
380.0,364.0,[380. 300. 380. 380. 380.]
900.0,840.0,[900. 900. 900. 900. 600.]
900.0,840.0,[900. 900. 900. 900. 600.]
380.0,337.0,[525. 380. 380. 200. 200.]
430.0,323.0,[345. 350. 400. 100. 420.]
875.0,869.8,[950. 750. 875. 899. 875.]
35.0,97.8,[ 35.  35. 160. 180.  79.]
425.0,439.8,[425. 425. 499. 425. 425.]
320.0,330.0,[320. 400. 315. 300. 315.]
250.0,250.0,[250. 250. 250. 250. 250.]
170.0,207.6,[170. 259. 259. 190. 160.]
425.0,340.0,[270. 425. 350. 230. 425.]
490.0,639.0,[630. 620. 550. 795. 600.]
450.0,388.8,[397. 397. 350. 350. 450.]
970.0,896.0,[ 830.  950. 1000.  700. 1000.]
400.0,405.0,[400. 400. 425. 400. 400.]
600.0,584.0,[520. 600. 600. 600. 600.]
100.0,100.0,[100. 100. 100. 100. 100.]
240.0,230.0,[280. 200. 280. 240. 150.]
50.0,51.0,[50. 50. 50. 50. 55.]
260.0,302.0,[350. 250. 340. 310. 260.]
480.0,446.0,[450. 540. 540. 500. 200.]
120.0,122.0,[130. 120. 120. 120. 120.]
90.0,99.6,[ 99. 120. 100.  80.  99.]
300.0,206.0,[300. 300. 200. 150.  80.]
450.0,450.0,[450. 450. 450. 450. 450.]
480.0,492.0,[450. 480. 600. 450. 480.]
380.0,256.8,[380. 249. 135. 300. 220.]
320.0,353.8,[350. 349. 320. 350. 400.]
50.0,239.6,[230. 150. 169. 149. 500.]
475.0,432.8,[440. 420. 400. 475. 429.]
200.0,191.0,[200. 200. 200. 135. 220.]
750.0,785.0,[750. 925. 750. 750. 750.]
700.0,693.0,[715. 700. 600. 700. 750.]
800.0,829.8,[800. 950. 799. 800. 800.]
180.0,304.0,[180. 300. 600. 180. 260.]
370.0,449.8,[375. 400. 799. 335. 340.]
280.0,333.0,[280. 400. 280. 280. 425.]
85.0,77.0,[ 85.  85. 100.  65.  50.]
110.0,168.0,[210. 150. 160. 100. 220.]
450.0,367.0,[450. 450. 260. 450. 225.]
620.0,435.8,[590. 149. 460. 620. 360.]
215.0,324.8,[249. 215. 270. 190. 700.]
750.0,760.0,[750. 750. 750. 750. 800.]
900.0,880.0,[900. 900. 900. 800. 900.]
715.0,802.0,[900. 700. 715. 900. 795.]
600.0,273.0,[600. 225.  40. 295. 205.]
800.0,298.0,[800. 160. 220. 100. 210.]
500.0,510.0,[500. 500. 500. 550. 500.]
800.0,298.0,[800. 160. 220. 100. 210.]
800.0,298.0,[800. 160. 220. 100. 210.]
800.0,298.0,[800. 160. 220. 100. 210.]
800.0,298.0,[800. 160. 220. 100. 210.]
800.0,298.0,[800. 160. 220. 100. 210.]
800.0,298.0,[800. 160. 220. 100. 210.]
350.0,350.0,[350. 350. 350. 350. 350.]
330.0,373.0,[425. 380. 400. 330. 330.]
730.0,819.0,[795. 700. 800. 900. 900.]
750.0,480.0,[750. 750. 400. 250. 250.]
650.0,620.0,[650. 650. 650. 650. 500.]
320.0,600.0,[350. 575. 850. 575. 650.]
300.0,300.0,[300. 300. 300. 300. 300.]
75.0,90.0,[ 75.  75.  75.  75. 150.]
300.0,335.8,[300. 379. 350. 300. 350.]
135.0,158.0,[250. 150. 100. 140. 150.]
135.0,174.0,[135. 225. 150. 225. 135.]
900.0,840.0,[900. 900. 900. 900. 600.]
900.0,840.0,[900. 900. 900. 900. 600.]
60.0,444.0,[450. 450. 900. 170. 250.]
700.0,700.0,[700. 700. 700. 700. 700.]
360.0,360.0,[360. 360. 360. 360. 360.]
700.0,680.0,[700. 700. 700. 600. 700.]
245.0,126.0,[155.  65. 150.  70. 190.]
125.0,91.8,[ 35. 125.  49. 125. 125.]
900.0,900.0,[900. 900. 900. 900. 900.]
145.0,199.0,[145. 150. 275. 210. 215.]
340.0,531.0,[375. 800. 800. 340. 340.]
135.0,176.4,[135. 190. 149. 159. 249.]
245.0,235.8,[145. 250. 250. 235. 299.]
320.0,320.0,[320. 320. 320. 320. 320.]
900.0,900.0,[900. 900. 900. 900. 900.]
450.0,450.0,[450. 450. 450. 450. 450.]
35.0,138.8,[ 60.  35.  40. 169. 390.]
350.0,363.0,[290. 350. 650. 350. 175.]
35.0,127.0,[ 35. 150. 200. 150. 100.]
160.0,154.0,[160. 160. 160. 160. 130.]
250.0,278.0,[250. 300. 340. 250. 250.]
149.0,135.2,[150. 149. 149. 149.  79.]
80.0,105.8,[ 80. 120. 129.  80. 120.]
500.0,510.0,[500. 500. 550. 500. 500.]
60.0,83.0,[ 60.  60.  60. 135. 100.]
325.0,332.0,[330. 325. 300. 325. 380.]
729.0,566.0,[850. 500. 500. 490. 490.]
160.0,173.8,[160. 140. 200. 200. 169.]
500.0,510.0,[500. 500. 550. 500. 500.]
725.0,819.0,[795. 700. 800. 900. 900.]
550.0,550.0,[550. 550. 550. 550. 550.]
160.0,166.0,[160. 160. 160. 160. 190.]
110.0,99.0,[ 80.  85. 110. 110. 110.]
329.0,382.0,[400. 320. 390. 400. 400.]
600.0,590.0,[600. 600. 650. 600. 500.]
280.0,231.0,[280. 280. 215. 280. 100.]
650.0,610.0,[650. 650. 650. 600. 500.]
90.0,286.0,[200. 500. 350. 100. 280.]
875.0,926.0,[ 930. 1000.  775.  875. 1050.]
375.0,537.8,[375. 375. 375. 565. 999.]
250.0,236.0,[250. 250. 180. 250. 250.]
580.0,579.8,[700. 650. 550. 499. 500.]
100.0,136.0,[100. 100. 250.  90. 140.]
250.0,252.0,[250. 250. 250. 400. 110.]
540.0,526.0,[550. 350. 380. 600. 750.]
550.0,500.0,[550. 550. 550. 550. 300.]
689.0,769.8,[689. 900. 750. 750. 760.]
315.0,363.8,[350. 320. 399. 400. 350.]
400.0,470.0,[400. 400. 400. 400. 750.]
1085.0,331.6,[ 60. 900. 149. 259. 290.]
200.0,190.0,[200. 200. 200. 150. 200.]
200.0,168.0,[200. 120. 200. 200. 120.]
300.0,300.0,[300. 300. 300. 300. 300.]
275.0,290.0,[400. 275. 225. 275. 275.]
250.0,250.0,[250. 250. 250. 250. 250.]
300.0,300.0,[300. 300. 300. 300. 300.]
400.0,400.0,[400. 400. 400. 400. 400.]
585.0,546.8,[600. 500. 499. 585. 550.]
775.0,404.0,[160. 160. 275. 775. 650.]
180.0,204.0,[180. 180. 200. 220. 240.]
750.0,649.8,[750. 500. 570. 800. 629.]
550.0,601.8,[600. 480. 749. 500. 680.]
250.0,190.0,[250. 250. 200.  70. 180.]
349.0,351.6,[320. 349. 449. 325. 315.]
349.0,347.6,[349. 349. 315. 425. 300.]
315.0,351.0,[315. 350. 400. 350. 340.]
750.0,649.8,[750. 500. 570. 800. 629.]
130.0,212.0,[130. 140. 240. 400. 150.]
500.0,500.0,[500. 500. 500. 500. 500.]
800.0,800.0,[800. 800. 800. 800. 800.]
260.0,196.8,[125. 260. 169. 260. 170.]
220.0,204.0,[160. 220. 220. 200. 220.]
150.0,166.0,[150. 150. 180. 180. 170.]
370.0,323.0,[420. 350. 100. 345. 400.]
540.0,348.0,[540. 650. 220. 135. 195.]
450.0,450.0,[450. 450. 450. 450. 450.]
550.0,540.0,[550. 550. 550. 550. 500.]
180.0,165.8,[149. 180. 180. 200. 120.]
699.0,602.8,[699. 570. 570. 500. 675.]
700.0,500.0,[400. 700. 700. 200. 500.]
35.0,141.0,[ 35.  55. 225. 180. 210.]
850.0,850.0,[850. 850. 850. 850. 850.]
750.0,649.8,[750. 500. 570. 800. 629.]
340.0,354.0,[340. 400. 330. 340. 360.]
250.0,240.0,[250. 250. 200. 250. 250.]
640.0,707.8,[700. 900. 740. 699. 500.]
50.0,65.0,[ 50.  50.  50.  75. 100.]
80.0,80.8,[80. 80. 99. 65. 80.]
700.0,580.0,[450. 700. 700. 500. 550.]
350.0,350.0,[350. 350. 350. 350. 350.]
600.0,630.0,[750. 600. 600. 600. 600.]
330.0,324.0,[330. 330. 330. 330. 300.]
300.0,195.0,[150. 300.  65. 160. 300.]
360.0,371.0,[400. 360. 360. 375. 360.]
575.0,559.8,[650. 650. 399. 500. 600.]
575.0,648.0,[575. 700. 575. 700. 690.]
69.0,58.0,[55. 85. 60. 40. 50.]
600.0,520.0,[550. 600. 550. 300. 600.]
600.0,480.6,[600. 400. 600. 403. 400.]
500.0,440.0,[500. 500. 500. 200. 500.]
650.0,619.8,[650. 650. 650. 650. 499.]
100.0,113.8,[100. 170. 100. 100.  99.]
760.0,714.8,[760. 600. 750. 715. 749.]
800.0,720.0,[800. 800. 800. 700. 500.]
150.0,176.0,[150. 150. 280. 150. 150.]
340.0,336.0,[300. 300. 400. 340. 340.]
460.0,491.0,[575. 475. 480. 475. 450.]
600.0,542.8,[499. 500. 600. 515. 600.]
100.0,105.0,[100. 100. 100. 100. 125.]
620.0,646.0,[500. 680. 650. 650. 750.]
320.0,317.0,[320. 345. 400. 420. 100.]
500.0,836.0,[ 800.  880.  800.  700. 1000.]
50.0,50.0,[50. 50. 50. 50. 50.]
180.0,220.0,[180. 180. 180. 250. 310.]
950.0,880.0,[950. 950. 900. 800. 800.]
210.0,163.6,[190. 150. 129. 149. 200.]
700.0,630.0,[650. 600. 700. 500. 700.]
100.0,120.0,[100. 100. 100. 100. 200.]
200.0,165.8,[200. 175. 199. 200.  55.]
260.0,235.6,[260. 240. 179. 260. 239.]
500.0,538.0,[525. 500. 500. 565. 600.]
410.0,480.0,[400. 750. 500. 450. 300.]
600.0,600.0,[600. 600. 600. 600. 600.]
625.0,885.0,[ 800.  850.  750. 1025. 1000.]
750.0,680.0,[750. 350. 750. 750. 800.]
650.0,457.0,[400. 600. 750. 400. 135.]
600.0,520.0,[550. 600. 550. 300. 600.]
140.0,145.0,[175. 200. 150. 140.  60.]
160.0,268.0,[260. 280. 300. 240. 260.]
250.0,244.0,[250. 250. 250. 220. 250.]
650.0,620.0,[650. 650. 650. 650. 500.]
45.0,307.8,[450. 100. 700.  89. 200.]
375.0,519.8,[399. 750. 375. 600. 475.]
600.0,600.0,[600. 600. 600. 600. 600.]
230.0,191.0,[225. 250.  50. 200. 230.]
700.0,700.0,[700. 700. 700. 700. 700.]
675.0,681.0,[700. 630. 650. 750. 675.]
160.0,230.6,[149. 280. 149. 300. 275.]
120.0,152.0,[110. 200. 180. 150. 120.]
140.0,195.0,[125. 275. 150. 210. 215.]
170.0,156.0,[135. 195.  85. 225. 140.]
120.0,123.8,[120. 139. 120. 120. 120.]
60.0,142.0,[300. 100. 150.  80.  80.]
260.0,302.0,[350. 250. 340. 310. 260.]
599.0,637.8,[740. 550. 500. 599. 800.]
150.0,150.0,[150. 150. 150. 150. 150.]
500.0,500.0,[500. 500. 500. 500. 500.]
750.0,708.0,[750. 500. 750. 750. 790.]
400.0,400.0,[400. 400. 400. 400. 400.]
150.0,150.0,[150. 150. 150. 150. 150.]
450.0,555.0,[600. 750. 450. 450. 525.]
125.0,142.0,[125. 125. 125. 115. 220.]
750.0,750.0,[750. 750. 750. 750. 750.]
150.0,159.0,[195. 150. 150. 150. 150.]
160.0,174.0,[135. 175. 160. 200. 200.]
775.0,630.0,[600. 500. 750. 550. 750.]
150.0,175.0,[150. 275. 150. 150. 150.]
650.0,670.0,[750. 650. 650. 650. 650.]
85.0,82.6,[ 59.  85. 120.  50.  99.]
530.0,560.0,[550. 500. 500. 650. 600.]
300.0,281.0,[300. 300. 300. 300. 205.]
200.0,200.0,[200. 200. 200. 200. 200.]
550.0,847.8,[ 999.  750.  690.  800. 1000.]
200.0,200.0,[200. 200. 200. 200. 200.]
140.0,177.0,[150. 210. 155. 215. 155.]
150.0,174.0,[300. 150. 150. 120. 150.]
720.0,559.8,[600. 550. 650. 399. 600.]
450.0,456.0,[450. 450. 450. 480. 450.]
699.0,754.8,[699. 750. 770. 795. 760.]
280.0,287.0,[225. 650. 225. 250.  85.]
200.0,176.0,[200.  80. 200. 200. 200.]
200.0,211.8,[200. 200. 200. 259. 200.]
310.0,310.0,[310. 300. 320. 310. 310.]
40.0,40.0,[40. 40. 40. 40. 40.]
750.0,780.0,[750. 750. 750. 850. 800.]
100.0,140.0,[100. 100. 100. 100. 300.]
100.0,114.0,[100. 100. 100. 100. 170.]
800.0,616.0,[500. 600. 530. 800. 650.]
160.0,187.0,[250. 160. 200. 100. 225.]
150.0,123.0,[150.  65. 150. 100. 150.]
170.0,166.0,[150. 100. 260. 150. 170.]
500.0,500.0,[500. 500. 500. 500. 500.]
300.0,300.0,[300. 300. 300. 300. 300.]
400.0,260.0,[195. 650. 135. 100. 220.]
115.0,223.8,[250. 250. 180. 300. 139.]
150.0,165.0,[150. 150. 150. 175. 200.]
550.0,550.0,[550. 550. 550. 550. 550.]
620.0,524.0,[700. 400. 350. 550. 620.]
350.0,356.0,[350. 350. 380. 350. 350.]
900.0,900.0,[900. 900. 900. 900. 900.]
40.0,40.0,[40. 40. 40. 40. 40.]
139.0,103.6,[100.  85. 199.  89.  45.]
280.0,272.0,[230. 280. 280. 290. 280.]
400.0,400.0,[400. 400. 400. 400. 400.]
400.0,448.0,[400. 400. 400. 400. 640.]
139.0,110.0,[150. 100. 120. 100.  80.]
129.0,167.6,[179. 130. 129. 120. 280.]
999.0,873.8,[ 850. 1000.  800.  999.  720.]
900.0,780.0,[950. 900. 900. 900. 250.]
95.0,145.0,[ 95.  80. 150. 200. 200.]
140.0,281.0,[225. 640.  40. 205. 295.]
360.0,254.0,[180. 200. 250. 460. 180.]
120.0,184.0,[120. 120. 120. 440. 120.]
200.0,216.0,[200. 250. 230. 200. 200.]
380.0,325.0,[380. 380. 420. 345. 100.]
275.0,217.0,[180. 120. 250. 260. 275.]
210.0,251.8,[180. 290. 299. 210. 280.]
160.0,160.0,[160. 160. 250. 140.  90.]
100.0,104.0,[100. 120. 100. 100. 100.]
110.0,82.0,[ 80. 135.  50.  70.  75.]
150.0,150.0,[150. 150. 150. 150. 150.]
350.0,350.0,[350. 350. 350. 300. 400.]
750.0,750.0,[750. 750. 750. 750. 750.]
1000.0,847.8,[1000.  999.  690.  750.  800.]
97.0,199.8,[215. 150. 129. 350. 155.]
200.0,200.0,[200. 200. 200. 200. 200.]
600.0,600.0,[600. 600. 600. 600. 600.]
150.0,150.0,[150. 150. 150. 150. 150.]
450.0,496.0,[450. 450. 600. 430. 550.]
800.0,800.0,[800. 800. 800. 800. 800.]
600.0,720.8,[704. 900. 700. 700. 600.]
100.0,100.0,[100. 100. 100. 100. 100.]
140.0,155.8,[150. 180. 140. 169. 140.]
80.0,126.0,[ 80.  80. 175.  95. 200.]
90.0,179.0,[ 80.  90. 225. 250. 250.]
160.0,155.0,[160.  70.  95. 175. 275.]
330.0,329.0,[330. 300. 400. 300. 315.]
650.0,640.0,[650. 650. 750. 550. 600.]
480.0,570.0,[600. 480. 450. 670. 650.]
225.0,208.0,[140. 200. 250. 225. 225.]
225.0,230.8,[225. 249. 175. 225. 280.]
300.0,259.6,[249. 300. 300. 300. 149.]
225.0,229.0,[150. 350. 225. 220. 200.]
120.0,120.0,[120. 120. 120. 120. 120.]
110.0,212.0,[260. 150. 245. 180. 225.]
408.0,504.0,[440. 400. 680. 600. 400.]
550.0,550.0,[550. 550. 550. 550. 550.]
175.0,157.0,[175. 175.  60. 175. 200.]
199.0,151.6,[100. 129. 129. 225. 175.]
80.0,88.0,[ 80. 100.  80. 130.  50.]
711.0,511.4,[400. 350. 379. 429. 999.]
380.0,373.0,[380. 380. 350. 380. 375.]
300.0,332.0,[300. 300. 300. 400. 360.]
650.0,750.0,[650. 900. 650. 650. 900.]
250.0,248.0,[250. 250. 250. 250. 240.]
300.0,347.0,[400. 295. 300. 390. 350.]
800.0,800.0,[800. 800. 800. 800. 800.]
800.0,800.0,[800. 800. 800. 800. 800.]
50.0,123.6,[ 50.  50.  50. 283. 185.]
800.0,800.0,[800. 800. 800. 800. 800.]
300.0,341.0,[360. 415. 330. 300. 300.]
900.0,909.8,[900. 900. 900. 899. 950.]
300.0,300.0,[300. 300. 300. 300. 300.]
50.0,47.8,[50. 39. 50. 50. 50.]
725.0,815.0,[750. 725. 850. 900. 850.]
300.0,313.0,[300. 365. 300. 300. 300.]
600.0,520.0,[600. 600. 600. 450. 350.]
500.0,625.0,[825. 500. 550. 500. 750.]
480.0,543.6,[458. 480. 480. 550. 750.]
175.0,173.0,[175. 175. 175. 160. 180.]
500.0,736.0,[800. 500. 800. 700. 880.]
499.0,662.0,[500. 700. 790. 620. 700.]
125.0,171.0,[125. 180. 200. 200. 150.]
650.0,740.0,[750. 750. 750. 650. 800.]
730.0,532.0,[460. 630. 420. 700. 450.]
300.0,288.0,[300. 360. 250. 230. 300.]
756.0,670.0,[ 500. 1100.  450.  500.  800.]
100.0,100.0,[100. 100. 100. 100. 100.]
699.0,440.6,[400. 600. 403. 400. 400.]
50.0,116.0,[ 50. 100. 230. 100. 100.]
450.0,450.0,[450. 450. 450. 450. 450.]
700.0,700.0,[700. 700. 700. 700. 700.]
350.0,356.0,[350. 350. 350. 350. 380.]
325.0,394.0,[325. 450. 400. 395. 400.]
350.0,307.0,[350. 350. 135. 350. 350.]
600.0,606.0,[600. 600. 730. 500. 600.]
230.0,220.0,[245. 230. 250. 125. 250.]
700.0,710.0,[700. 700. 700. 750. 700.]
820.0,680.0,[ 700. 1000.  600.  450.  650.]
40.0,42.0,[40. 40. 40. 40. 50.]
35.0,127.0,[200.  35. 150. 150. 100.]
500.0,500.0,[500. 500. 500. 500. 500.]
175.0,167.8,[175. 175.  40. 199. 250.]
900.0,870.0,[900. 750. 900. 900. 900.]
420.0,402.0,[420. 420. 400. 350. 420.]
140.0,133.8,[140. 140. 140.  99. 150.]
140.0,133.8,[140. 140. 140.  99. 150.]
199.0,169.6,[199. 199. 160.  60. 230.]
600.0,570.0,[600. 600. 600. 600. 450.]
70.0,70.0,[70. 70. 70. 70. 70.]
240.0,254.0,[240. 240. 290. 240. 260.]
100.0,116.8,[100. 100. 100. 149. 135.]
275.0,251.0,[275. 275. 275. 155. 275.]
140.0,155.0,[150.  50. 140. 280. 155.]
240.0,200.0,[240. 200. 240. 120. 200.]
125.0,110.6,[125. 125. 125.  98.  80.]
425.0,400.0,[425. 425. 425. 425. 300.]
780.0,646.0,[650. 680. 650. 500. 750.]
780.0,550.0,[650. 450. 500. 650. 500.]
275.0,277.6,[275. 275. 275. 275. 288.]
680.0,752.0,[680. 800. 800. 800. 680.]
850.0,850.0,[850. 850. 850. 850. 850.]
300.0,300.0,[300. 300. 300. 300. 300.]
500.0,500.0,[500. 500. 500. 500. 500.]
900.0,840.0,[900. 900. 900. 900. 600.]
1000.0,860.8,[1000. 1000.  900.  700.  704.]
250.0,229.0,[250. 250. 190. 205. 250.]
600.0,640.0,[700. 600. 650. 650. 600.]
990.0,804.0,[ 500. 1100.  680.  990.  750.]
40.0,44.0,[40. 40. 60. 40. 40.]
45.0,65.8,[ 39. 100.  75.  45.  70.]
50.0,52.0,[50. 60. 50. 50. 50.]
60.0,53.8,[49. 60. 60. 50. 50.]
75.0,141.8,[ 75. 135. 219. 100. 180.]
140.0,196.8,[140. 150. 129. 350. 215.]
75.0,147.0,[180.  75.  95. 135. 250.]
600.0,600.0,[600. 600. 600. 600. 600.]
800.0,755.0,[675. 800. 800. 800. 700.]
235.0,234.8,[210. 249. 225. 215. 275.]
265.0,276.8,[265. 290. 260. 280. 289.]
495.0,499.0,[450. 675. 475. 400. 495.]
800.0,820.0,[800. 800. 800. 900. 800.]
795.0,819.0,[795. 700. 800. 900. 900.]
525.0,585.6,[520. 550. 458. 750. 650.]
150.0,145.8,[130. 150. 150. 150. 149.]
529.0,478.8,[480. 539. 450. 475. 450.]
450.0,490.0,[500. 600. 450. 450. 450.]
150.0,270.0,[450. 150. 150. 150. 450.]
400.0,400.0,[400. 400. 400. 400. 400.]
180.0,131.0,[180. 140. 180.  90.  65.]
800.0,679.0,[500. 800. 745. 550. 800.]
200.0,200.0,[200. 200. 200. 200. 200.]
140.0,223.0,[160. 200. 325. 290. 140.]
550.0,759.6,[550. 899. 749. 725. 875.]
365.0,425.8,[509. 400. 370. 500. 350.]
425.0,434.8,[425. 425. 425. 499. 400.]
325.0,284.0,[325. 170. 325. 300. 300.]
800.0,800.0,[800. 800. 800. 800. 800.]
400.0,400.0,[400. 400. 400. 400. 400.]
720.0,720.0,[720. 720. 720. 720. 720.]
40.0,81.0,[100.  40.  40. 140.  85.]
500.0,500.0,[500. 500. 500. 500. 500.]
280.0,181.0,[220. 200. 175. 210. 100.]
250.0,250.0,[250. 250. 250. 250. 250.]
375.0,388.0,[375. 400. 400. 390. 375.]
260.0,260.0,[260. 260. 260. 260. 260.]
300.0,338.0,[300. 300. 390. 400. 300.]
750.0,750.0,[750. 750. 750. 750. 750.]
780.0,576.0,[780. 350. 750. 650. 350.]
55.0,98.8,[ 55. 155.  99.  70. 115.]
250.0,250.0,[250. 250. 250. 250. 250.]
200.0,200.0,[200. 200. 200. 200. 200.]
825.0,840.0,[900. 825. 825. 850. 800.]
140.0,183.0,[140. 140. 245. 140. 250.]
625.0,405.8,[650. 500. 230. 500. 149.]
500.0,520.0,[500. 500. 500. 500. 600.]
900.0,650.0,[300. 900. 900. 900. 250.]
750.0,750.0,[750. 750. 750. 750. 750.]
450.0,440.0,[450. 450. 400. 450. 450.]
400.0,389.8,[400. 399. 400. 400. 350.]
425.0,425.0,[425. 425. 425. 425. 425.]
150.0,234.0,[250. 250. 180. 240. 250.]
140.0,127.8,[115. 265. 150.  60.  49.]
150.0,147.0,[150. 150. 150. 135. 150.]
150.0,186.0,[150. 150. 250. 230. 150.]
150.0,136.0,[150. 150. 150. 150.  80.]
220.0,150.4,[199. 120. 185.  55. 193.]
360.0,363.0,[360. 375. 360. 360. 360.]
410.0,474.6,[379. 425. 379. 550. 640.]
125.0,184.0,[220. 175. 185. 120. 220.]
185.0,331.8,[280. 180. 400. 650. 149.]
150.0,146.0,[ 50. 150. 155. 160. 215.]
160.0,156.0,[160. 160. 160. 100. 200.]
275.0,264.0,[200. 280. 290. 275. 275.]
450.0,520.0,[600. 550. 550. 450. 450.]
250.0,220.0,[250. 250. 190. 250. 160.]
600.0,640.0,[600. 600. 600. 600. 800.]
750.0,800.0,[900. 750. 800. 750. 800.]
600.0,600.0,[600. 600. 600. 600. 600.]
35.0,97.8,[ 35.  35. 160. 180.  79.]
135.0,194.0,[135.  65. 150. 270. 350.]
120.0,89.0,[120. 120.  40. 125.  40.]
120.0,146.0,[120. 120. 180. 110. 200.]
300.0,415.8,[300. 300. 529. 300. 650.]
200.0,210.0,[200. 200. 200. 200. 250.]
600.0,600.0,[600. 600. 600. 600. 600.]
750.0,750.0,[750. 750. 750. 750. 750.]
345.0,458.8,[570. 399. 600. 375. 350.]
345.0,347.0,[350. 350. 375. 310. 350.]
200.0,200.0,[200. 200. 200. 200. 200.]
699.0,429.8,[750. 399. 350. 350. 300.]
275.0,295.0,[275. 300. 250. 400. 250.]
799.0,769.8,[750. 700. 850. 799. 750.]
730.0,218.8,[149. 160. 100. 360. 325.]
369.0,253.8,[170. 299. 200. 300. 300.]
160.0,150.0,[180. 120. 160. 140. 150.]
700.0,765.0,[795. 700. 750. 780. 800.]
710.0,838.0,[ 880.  710.  850.  700. 1050.]
180.0,173.0,[180. 180. 180. 145. 180.]
300.0,300.0,[300. 300. 300. 300. 300.]
1050.0,956.0,[1050.  980. 1100. 1050.  600.]
703.0,809.6,[ 703. 1000.  620.  825.  900.]
350.0,350.0,[350. 350. 350. 350. 350.]
150.0,156.0,[150. 150. 150. 150. 180.]
125.0,251.0,[275. 125. 230. 125. 500.]
400.0,400.0,[400. 400. 400. 400. 400.]
600.0,610.0,[600. 600. 600. 650. 600.]
220.0,190.8,[220. 250. 239. 145. 100.]
300.0,322.0,[300. 360. 300. 350. 300.]
60.0,61.0,[50. 60. 75. 60. 60.]
950.0,950.0,[950. 950. 950. 950. 950.]
595.0,559.8,[399. 650. 650. 600. 500.]
375.0,400.0,[375. 375. 375. 500. 375.]
900.0,840.0,[900. 900. 900. 900. 600.]
80.0,80.0,[ 80. 100.  95.  80.  45.]
130.0,122.8,[130.  99. 125. 130. 130.]
300.0,305.0,[265. 300. 265. 395. 300.]
170.0,184.0,[220. 175. 185. 120. 220.]
135.0,138.8,[150. 125. 115. 135. 169.]
750.0,730.0,[750. 750. 750. 650. 750.]
140.0,142.0,[130. 250. 140. 140.  50.]
120.0,158.0,[120. 120. 120. 220. 210.]
130.0,152.0,[130. 220. 130. 130. 150.]
240.0,201.0,[165. 240. 120. 240. 240.]
120.0,165.8,[120. 175. 129. 155. 250.]
220.0,219.6,[220. 240. 220. 179. 239.]
900.0,899.8,[900. 899. 900. 900. 900.]
775.0,734.8,[699. 750. 800. 775. 650.]
40.0,71.0,[ 40.  40.  50.  40. 185.]
380.0,381.0,[380. 380. 380. 380. 385.]
400.0,400.0,[400. 400. 400. 400. 400.]
950.0,917.0,[ 950. 1000.  900.  775.  960.]
400.0,336.0,[400. 400. 355. 250. 275.]
280.0,282.0,[280. 280. 280. 290. 280.]
325.0,330.0,[325. 325. 325. 350. 325.]
150.0,184.6,[150. 169. 249. 150. 205.]
295.0,394.0,[255. 890. 275. 250. 300.]
325.0,330.0,[325. 325. 325. 325. 350.]
400.0,399.8,[400. 400. 400. 400. 399.]
700.0,700.0,[700. 700. 700. 700. 700.]
500.0,500.0,[500. 500. 500. 500. 500.]
925.0,910.0,[ 750. 1100.  950.  700. 1050.]
585.0,590.0,[500. 500. 650. 800. 500.]
165.0,158.0,[180.  60. 180. 200. 170.]
370.0,373.8,[370. 299. 330. 420. 450.]
450.0,450.0,[450. 450. 450. 450. 450.]
700.0,693.0,[715. 700. 600. 700. 750.]
250.0,335.0,[250. 175. 750. 250. 250.]
90.0,152.0,[210.  90.  55. 225. 180.]
150.0,178.0,[150. 150. 230. 170. 190.]
220.0,287.0,[220. 375. 290. 260. 290.]
350.0,350.0,[350. 350. 350. 350. 350.]
350.0,344.0,[350. 350. 350. 350. 320.]
585.0,667.8,[599. 650. 690. 700. 700.]
800.0,800.0,[800. 800. 800. 800. 800.]
40.0,88.0,[ 40. 125.  40.  95. 140.]
75.0,214.6,[175. 200.  98. 380. 220.]
150.0,190.6,[150. 248. 200. 275.  80.]
120.0,95.0,[120.  60. 120.  55. 120.]
110.0,106.0,[110. 110.  90. 110. 110.]
55.0,147.0,[ 60. 240. 255.  80. 100.]
175.0,174.0,[230. 115. 245. 160. 120.]
225.0,126.0,[ 60.  90.  40. 225. 215.]
55.0,79.0,[ 55.  55. 175.  55.  55.]
150.0,152.0,[160. 150. 150. 150. 150.]
140.0,166.0,[140. 140. 140. 140. 270.]
500.0,500.0,[500. 500. 500. 500. 500.]
425.0,407.0,[360. 425. 425. 425. 400.]
500.0,613.0,[500. 600. 750. 500. 715.]
225.0,101.8,[ 59.  50.  55. 225. 120.]
195.0,147.4,[240. 140. 149.  79. 129.]
200.0,208.0,[200. 240. 200. 200. 200.]
150.0,165.0,[150. 150. 150. 225. 150.]
449.0,489.6,[449. 400. 500. 550. 549.]
40.0,48.0,[40. 60. 60. 40. 40.]
500.0,500.0,[500. 500. 500. 500. 500.]
49.0,149.4,[ 49. 350. 100.  49. 199.]
85.0,151.8,[ 85. 140. 167. 200. 167.]
760.0,879.8,[1049.  875.  835.  990.  650.]
150.0,150.0,[150. 150. 150. 150. 150.]
800.0,710.0,[800. 800. 850. 300. 800.]
880.0,850.8,[750. 880. 899. 950. 775.]
850.0,840.0,[900. 850. 800. 850. 800.]
280.0,202.0,[280. 250. 100. 100. 280.]
250.0,182.0,[250.  95. 135. 250. 180.]
550.0,417.0,[550. 550. 550. 135. 300.]
50.0,75.8,[ 50.  50.  50. 100. 129.]
60.0,163.4,[ 60. 249. 149. 299.  60.]
550.0,520.0,[550. 400. 550. 550. 550.]
400.0,400.0,[400. 400. 400. 400. 400.]
700.0,760.0,[ 700.  700.  700. 1000.  700.]
225.0,146.0,[225.  80. 100. 225. 100.]
550.0,550.0,[550. 550. 550. 550. 550.]
775.0,869.0,[775. 970. 900. 850. 850.]
350.0,346.0,[350. 350. 350. 350. 330.]
50.0,89.0,[ 50.  50.  50.  50. 245.]
800.0,800.0,[800. 800. 800. 800. 800.]
65.0,79.0,[ 75.  80.  65. 110.  65.]
199.0,309.8,[350. 200. 250. 350. 399.]
575.0,550.0,[600. 575. 500. 575. 500.]
700.0,710.0,[700. 700. 750. 700. 700.]
350.0,292.0,[350. 350. 390. 100. 270.]
160.0,137.6,[130. 150.  99. 160. 149.]
150.0,144.0,[150. 150. 200. 150.  70.]
300.0,330.0,[300. 400. 350. 300. 300.]
200.0,210.8,[200. 200. 200. 179. 275.]
480.0,648.8,[795. 470. 599. 480. 900.]
750.0,760.0,[750. 750. 750. 750. 800.]
250.0,239.8,[200. 250. 249. 250. 250.]
440.0,432.0,[425. 425. 300. 650. 360.]
560.0,604.0,[500. 700. 620. 700. 500.]
800.0,800.0,[800. 800. 800. 800. 800.]
190.0,161.8,[190. 175. 199. 190.  55.]
369.0,339.8,[310. 339. 350. 300. 400.]
674.0,535.0,[500. 600. 500. 475. 600.]
674.0,535.0,[500. 600. 500. 475. 600.]
50.0,90.0,[ 50.  50.  50.  50. 250.]
300.0,300.0,[300. 300. 300. 300. 300.]
279.0,215.0,[420. 190. 115. 220. 130.]
290.0,506.0,[ 290.  290. 1000.  200.  750.]
220.0,458.8,[220. 600. 475. 399. 600.]
80.0,73.6,[80. 99. 59. 50. 80.]
100.0,100.0,[100. 100. 100. 100. 100.]
390.0,323.0,[200. 375. 390. 350. 300.]
100.0,100.0,[100. 100. 100. 100. 100.]
480.0,410.0,[480. 360. 330. 400. 480.]
239.0,129.0,[135. 160. 100. 100. 150.]
150.0,164.0,[150. 150. 150. 150. 220.]
550.0,550.0,[550. 550. 550. 550. 550.]
375.0,383.0,[375. 375. 375. 375. 415.]
95.0,98.0,[ 95. 200.  50.  95.  50.]
150.0,290.0,[150. 150. 875. 150. 125.]
229.0,164.0,[100. 200. 160. 160. 200.]
400.0,400.0,[400. 400. 400. 400. 400.]
400.0,400.0,[400. 400. 400. 400. 400.]
400.0,400.0,[400. 400. 400. 400. 400.]
240.0,235.8,[240. 100. 240. 249. 350.]
400.0,400.0,[400. 400. 400. 400. 400.]
700.0,460.0,[440. 380. 480. 700. 300.]
380.0,373.0,[360. 415. 330. 380. 380.]
229.0,159.8,[110. 190. 220. 129. 150.]
275.0,262.0,[275. 275. 275.  85. 400.]
170.0,140.8,[170.  80. 170. 129. 155.]
450.0,450.0,[450. 450. 450. 450. 450.]
525.0,521.0,[520. 485. 500. 550. 550.]
600.0,620.0,[600. 600. 600. 600. 700.]
190.0,155.6,[190. 240. 140.  79. 129.]
400.0,400.0,[400. 400. 400. 400. 400.]
280.0,282.0,[280. 280. 280. 290. 280.]
450.0,450.0,[450. 450. 450. 450. 450.]
229.0,152.0,[150. 100. 100. 260. 150.]
950.0,780.0,[950. 850. 850. 950. 300.]
199.0,155.6,[129. 180. 150. 150. 169.]
470.0,488.0,[470. 450. 470. 600. 450.]
400.0,460.0,[400. 400. 700. 400. 400.]
64.0,118.8,[100.  79.  70. 190. 155.]
600.0,680.0,[600. 600. 550. 750. 900.]
599.0,539.0,[500. 550. 595. 500. 550.]
500.0,517.0,[500. 500. 585. 500. 500.]
1100.0,1080.0,[1100. 1100. 1100. 1000. 1100.]
150.0,160.0,[150. 150. 150. 200. 150.]
325.0,330.0,[325. 325. 325. 350. 325.]
100.0,216.0,[260. 290. 150. 100. 280.]
120.0,120.0,[120. 120. 120. 120. 120.]
600.0,600.0,[600. 600. 600. 600. 600.]
375.0,383.0,[375. 375. 375. 375. 415.]
100.0,100.0,[100. 100. 100. 100. 100.]
525.0,518.0,[850. 330. 360. 650. 400.]
449.0,367.0,[350. 325. 340. 470. 350.]
120.0,178.0,[120. 120. 200. 120. 330.]
180.0,174.0,[180. 180. 180. 180. 150.]
490.0,495.8,[490. 450. 490. 549. 500.]
275.0,383.8,[350. 275. 395. 249. 650.]
150.0,150.0,[150. 150. 150. 150. 150.]
160.0,155.0,[160. 135. 160. 160. 160.]
300.0,310.0,[300. 300. 300. 300. 350.]
325.0,330.0,[325. 325. 325. 325. 350.]
300.0,335.8,[300. 300. 399. 380. 300.]
190.0,186.0,[190. 190. 170. 190. 190.]
350.0,353.0,[350. 350. 350. 390. 325.]
449.0,423.6,[450. 440. 429. 350. 449.]
59.0,139.0,[225.  65. 110. 185. 110.]
400.0,400.0,[400. 400. 400. 400. 400.]
119.0,131.6,[120. 100.  69. 250. 119.]
160.0,157.0,[160. 160. 160. 120. 185.]
359.0,342.6,[300. 319. 375. 370. 349.]
210.0,229.0,[150. 160. 275. 240. 320.]
440.0,436.0,[440. 440. 380. 480. 440.]
203.0,350.0,[300. 225. 400. 400. 425.]
500.0,500.0,[500. 500. 500. 500. 500.]
700.0,670.0,[550. 700. 700. 700. 700.]
45.0,54.0,[ 45.  45.  35. 100.  45.]
550.0,550.0,[550. 550. 550. 550. 550.]
130.0,130.0,[130. 130. 130. 130. 130.]
200.0,157.0,[200. 150. 135. 200. 100.]
160.0,167.0,[160. 160. 175. 160. 180.]
220.0,236.8,[185. 249. 270. 230. 250.]
300.0,300.0,[300. 300. 300. 300. 300.]
325.0,330.0,[325. 325. 325. 350. 325.]
140.0,178.8,[140. 150. 365. 160.  79.]
240.0,240.0,[240. 240. 240. 240. 240.]
35.0,84.0,[ 35.  35.  60.  50. 240.]
499.0,535.0,[500. 600. 500. 475. 600.]
240.0,227.6,[240. 239. 240. 179. 240.]
375.0,366.0,[350. 330. 400. 375. 375.]
740.0,763.6,[800. 898. 500. 770. 850.]
740.0,763.6,[800. 898. 500. 770. 850.]
395.0,371.8,[395. 399. 315. 350. 400.]
240.0,241.8,[249. 240. 240. 240. 240.]
199.0,407.8,[199. 950. 215. 125. 550.]
130.0,185.0,[130. 130. 130. 115. 420.]
350.0,350.0,[350. 350. 350. 350. 350.]
250.0,257.8,[250. 250. 249. 290. 250.]
300.0,300.0,[300. 300. 300. 300. 300.]
400.0,400.0,[400. 400. 400. 400. 400.]
149.0,156.4,[149. 175. 149. 149. 160.]
700.0,700.0,[700. 700. 700. 700. 700.]
160.0,137.6,[160. 160.  48. 160. 160.]
250.0,236.0,[250. 250. 250. 250. 180.]
549.0,550.0,[500. 550. 450. 600. 650.]
800.0,800.0,[800. 800. 800. 800. 800.]
100.0,120.0,[100. 100. 100. 100. 200.]
500.0,500.0,[500. 500. 500. 500. 500.]
359.0,298.0,[265. 300. 300. 300. 325.]
150.0,172.0,[260. 150. 150. 150. 150.]
999.0,872.8,[950. 999. 700. 990. 725.]
150.0,158.0,[150. 150. 150. 190. 150.]
125.0,126.0,[125. 125. 125. 130. 125.]
250.0,246.0,[230. 250. 250. 250. 250.]
185.0,223.0,[180. 240. 185. 290. 220.]
75.0,124.0,[300.  70.  75. 100.  75.]
90.0,96.0,[100.  90. 100. 100.  90.]
240.0,248.0,[280. 240. 240. 240. 240.]
400.0,400.0,[400. 400. 400. 400. 400.]
700.0,698.0,[700. 700. 690. 700. 700.]
500.0,500.0,[500. 500. 500. 500. 500.]
275.0,274.8,[275. 279. 275. 275. 270.]
60.0,237.0,[ 60. 275. 190.  60. 600.]
275.0,201.8,[129. 155. 275. 275. 175.]
600.0,585.0,[600. 525. 600. 600. 600.]
699.0,700.0,[700. 800. 575. 850. 575.]
580.0,455.8,[300. 580. 420. 580. 399.]
349.0,349.0,[349. 349. 349. 349. 349.]
450.0,398.0,[100. 140. 450. 850. 450.]
250.0,222.0,[250. 300. 250. 250.  60.]
800.0,820.0,[800. 800. 800. 800. 900.]
100.0,100.0,[100. 100. 100. 100. 100.]
145.0,129.8,[145. 135. 220.  79.  70.]
270.0,340.0,[270. 270. 270. 190. 700.]
800.0,800.0,[800. 800. 850. 750. 800.]
775.0,503.0,[300. 600. 570. 350. 695.]
99.0,97.8,[100.  90.  99. 145.  55.]
780.0,587.0,[780. 780. 300. 800. 275.]
85.0,72.0,[ 65.  85. 120.  40.  50.]
220.0,211.6,[149. 220. 169. 220. 300.]
950.0,950.0,[950. 950. 950. 950. 950.]
430.0,508.0,[480. 625. 575. 430. 430.]
180.0,180.0,[180. 200. 160. 180. 180.]
700.0,700.0,[700. 700. 700. 700. 700.]
550.0,460.0,[550. 550. 250. 400. 550.]
700.0,640.0,[700. 650. 500. 700. 650.]
350.0,315.0,[350. 350. 200. 325. 350.]
800.0,772.0,[700. 800. 760. 800. 800.]
150.0,139.8,[150. 139. 150. 110. 150.]
350.0,356.0,[350. 350. 380. 350. 350.]
250.0,249.0,[250. 250. 245. 250. 250.]
150.0,140.0,[150. 150. 150. 150. 100.]
200.0,200.0,[200. 200. 200. 200. 200.]
450.0,473.0,[450. 450. 450. 500. 515.]
350.0,307.0,[350. 350. 225. 350. 260.]
400.0,389.0,[400. 400. 400. 400. 345.]
700.0,725.0,[700. 700. 750. 700. 775.]
400.0,392.0,[400. 400. 400. 360. 400.]
300.0,300.0,[300. 300. 300. 300. 300.]
230.0,208.0,[230. 230. 175. 250. 155.]
140.0,184.0,[250. 160. 180. 170. 160.]
700.0,665.4,[700. 700. 700. 527. 700.]
960.0,895.8,[890. 850. 899. 950. 890.]
290.0,290.0,[290. 290. 290. 290. 290.]
290.0,290.0,[290. 290. 290. 290. 290.]
190.0,154.0,[190. 125. 170. 135. 150.]
230.0,223.8,[230. 200. 210. 249. 230.]
125.0,245.8,[125.  40. 129. 640. 295.]
300.0,261.0,[300. 160. 300. 245. 300.]
200.0,200.0,[200. 200. 200. 200. 200.]
330.0,318.0,[330. 300. 300. 330. 330.]
200.0,200.0,[200. 200. 200. 200. 200.]
400.0,400.0,[400. 400. 400. 400. 400.]
310.0,307.8,[380. 350. 310. 249. 250.]
490.0,700.0,[490. 520. 890. 800. 800.]
360.0,364.0,[360. 375. 360. 350. 375.]
570.0,528.0,[570. 570. 490. 450. 560.]
575.0,524.8,[399. 575. 575. 600. 475.]
475.0,470.0,[475. 475. 475. 475. 450.]
240.0,231.8,[240. 240. 199. 240. 240.]
150.0,149.6,[150. 150. 150. 169. 129.]
280.0,333.0,[280. 400. 280. 280. 425.]
160.0,328.8,[399. 340. 160. 380. 365.]
195.0,130.0,[ 75. 160.  65.  75. 275.]
300.0,320.0,[300. 300. 300. 400. 300.]
475.0,495.0,[550. 475. 475. 475. 500.]
500.0,508.0,[500. 540. 500. 500. 500.]
650.0,660.0,[750. 650. 650. 650. 600.]
300.0,300.0,[300. 300. 300. 300. 300.]
900.0,840.0,[900. 900. 900. 900. 600.]
600.0,600.0,[600. 600. 600. 600. 600.]
120.0,134.6,[120. 165. 169.  99. 120.]
200.0,210.0,[200. 200. 200. 200. 250.]
120.0,125.2,[120. 120. 120.  99. 167.]
120.0,127.8,[120. 120. 110. 140. 149.]
120.0,133.0,[120. 130. 120. 120. 175.]
160.0,259.0,[160. 160. 295.  40. 640.]
325.0,326.0,[340. 300. 325. 340. 325.]
380.0,381.0,[380. 380. 380. 380. 385.]
260.0,219.0,[220. 150. 400. 210. 115.]
800.0,800.0,[800. 800. 800. 800. 800.]
950.0,800.0,[800. 750. 750. 950. 750.]
1000.0,980.0,[1000. 1000. 1000.  900. 1000.]
500.0,500.0,[500. 500. 500. 500. 500.]
525.0,399.8,[550. 400. 300. 350. 399.]
550.0,580.0,[550. 550. 600. 500. 700.]
490.0,597.8,[499. 650. 650. 700. 490.]
700.0,700.0,[700. 700. 700. 700. 700.]
200.0,255.0,[275. 200. 200. 400. 200.]
216.0,215.0,[216.  90. 399. 120. 250.]
50.0,50.0,[50. 50. 50. 50. 50.]
140.0,115.0,[150. 140. 110. 110.  65.]
670.0,694.4,[700. 695. 750. 999. 328.]
45.0,44.0,[45. 45. 40. 45. 45.]
350.0,339.8,[350. 350. 350. 299. 350.]
275.0,269.8,[275. 275. 275. 275. 249.]
100.0,105.0,[125. 100. 100. 100. 100.]
50.0,79.6,[ 50.  50.  50. 193.  55.]
180.0,180.0,[180. 180. 180. 180. 180.]
850.0,873.0,[990. 725. 850. 950. 850.]
375.0,364.0,[375. 375. 320. 375. 375.]
285.0,219.0,[285. 300. 160.  50. 300.]
199.0,203.6,[220. 199. 199. 150. 250.]
379.0,346.0,[325. 350. 325. 380. 350.]
200.0,260.0,[400. 200. 300. 200. 200.]
65.0,158.0,[185.  50.  40. 240. 275.]
260.0,256.0,[260. 260. 260. 240. 260.]
250.0,246.0,[250. 220. 150. 400. 210.]
475.0,500.0,[475. 455. 500. 550. 520.]
440.0,423.8,[399. 420. 500. 300. 500.]
175.0,171.0,[175. 175. 150. 180. 175.]
350.0,350.0,[350. 350. 350. 350. 350.]
375.0,388.0,[375. 400. 400. 390. 375.]
575.0,567.0,[440. 675. 440. 600. 680.]
375.0,388.0,[375. 400. 400. 390. 375.]
700.0,700.0,[700. 700. 700. 700. 700.]
100.0,90.0,[100. 100. 100. 100.  50.]
175.0,160.0,[125. 300. 175. 100. 100.]
260.0,276.0,[300. 250. 200. 380. 250.]
250.0,232.0,[250. 250. 250. 250. 160.]
99.0,225.8,[145. 200. 250. 235. 299.]
600.0,575.0,[600. 600. 475. 600. 600.]
350.0,350.0,[350. 350. 350. 350. 350.]
200.0,200.0,[200. 200. 200. 200. 200.]
240.0,202.0,[200. 240. 200. 130. 240.]
380.0,373.8,[380. 380. 380. 380. 349.]
240.0,206.0,[180. 181. 249. 180. 240.]
200.0,186.0,[170. 200. 200. 180. 180.]
300.0,319.8,[300. 300. 300. 399. 300.]
650.0,650.0,[650. 650. 650. 650. 650.]
550.0,550.0,[550. 550. 550. 550. 550.]
370.0,367.0,[370. 370. 370. 375. 350.]
370.0,375.0,[370. 370. 370. 350. 415.]
200.0,200.0,[200. 200. 200. 200. 200.]
50.0,56.0,[50. 50. 50. 40. 90.]
450.0,548.0,[450. 770. 620. 450. 450.]
300.0,300.0,[300. 300. 300. 300. 300.]
500.0,510.0,[500. 500. 550. 500. 500.]
950.0,930.0,[ 950.  950.  950.  800. 1000.]
300.0,300.0,[300. 300. 300. 300. 300.]
260.0,237.8,[260. 260. 260. 260. 149.]
250.0,303.0,[250. 400. 420. 100. 345.]
250.0,204.0,[250. 250. 150. 220. 150.]
450.0,490.0,[500. 450. 450. 600. 450.]
300.0,300.0,[300. 300. 300. 300. 300.]
500.0,500.0,[500. 500. 500. 500. 500.]
550.0,347.8,[340. 400. 399. 300. 300.]
400.0,400.0,[400. 400. 400. 400. 400.]
100.0,110.0,[150. 100. 100. 100. 100.]
75.0,118.0,[ 75.  75. 245.  75. 120.]
250.0,240.0,[210. 250. 275. 215. 250.]
130.0,146.0,[130. 150. 130. 130. 190.]
260.0,267.0,[260. 300. 275. 260. 240.]
110.0,291.0,[125. 135. 150. 875. 170.]
130.0,131.8,[130. 149. 120. 130. 130.]
469.0,593.8,[ 550.  500. 1000.  450.  469.]
600.0,585.4,[600. 600. 527. 600. 600.]
800.0,800.0,[800. 800. 800. 800. 800.]
250.0,235.8,[250. 250. 250. 250. 179.]
800.0,700.0,[800. 500. 600. 800. 800.]
300.0,341.0,[360. 415. 330. 300. 300.]
50.0,62.0,[ 60.  50.  50.  50. 100.]
425.0,423.8,[440. 400. 425. 425. 429.]
100.0,112.0,[100. 100. 100. 120. 140.]
290.0,156.0,[290. 140. 120. 150.  80.]
160.0,158.6,[160. 149. 149. 175. 160.]
270.0,218.8,[270. 229. 270. 250.  75.]
500.0,500.0,[500. 500. 500. 500. 500.]
130.0,123.8,[130. 130. 150. 149.  60.]
45.0,76.0,[ 45. 100. 100.  85.  50.]
650.0,600.0,[650. 650. 600. 650. 450.]
775.0,503.0,[300. 600. 570. 350. 695.]
420.0,406.0,[420. 420. 400. 390. 400.]
510.0,561.6,[750. 450. 600. 550. 458.]
500.0,501.8,[500. 500. 500. 529. 480.]
390.0,338.0,[390. 300. 300. 300. 400.]
380.0,373.0,[380. 375. 380. 380. 350.]
450.0,490.0,[500. 450. 450. 600. 450.]
1100.0,916.0,[ 800. 1100. 1100.  700.  880.]
1100.0,819.8,[ 750. 1100.  899.  950.  400.]
700.0,680.0,[700. 700. 700. 600. 700.]
200.0,200.0,[200. 200. 200. 200. 200.]
110.0,211.8,[110. 239. 440. 110. 160.]
300.0,300.0,[300. 300. 300. 300. 300.]
200.0,219.2,[200. 200. 279. 248. 169.]
200.0,210.0,[200. 200. 200. 200. 250.]
370.0,323.0,[420. 350. 100. 345. 400.]
300.0,300.0,[300. 300. 300. 300. 300.]
185.0,186.0,[185. 185. 220. 120. 220.]
550.0,534.0,[470. 550. 550. 550. 550.]
675.0,625.0,[675. 675. 675. 600. 500.]
715.0,586.0,[600. 600. 600. 550. 580.]
510.0,507.0,[520. 475. 480. 550. 510.]
40.0,172.0,[ 40. 170. 260. 350.  40.]
130.0,127.8,[130. 130. 130.  99. 150.]
160.0,160.0,[160. 160. 160. 160. 160.]
180.0,162.0,[140. 180. 175. 135. 180.]
130.0,125.8,[130. 150. 130. 130.  89.]
220.0,213.6,[249. 230. 220. 220. 149.]
130.0,152.0,[130. 220. 130. 130. 150.]
99.0,127.6,[ 99. 180. 100. 160.  99.]
220.0,224.0,[220. 220. 220. 220. 240.]
65.0,78.0,[ 65.  65.  55.  55. 150.]
180.0,227.6,[249. 260. 150. 180. 299.]
150.0,158.0,[150. 150. 190. 150. 150.]
75.0,223.0,[400. 100. 460.  95.  60.]
199.0,191.2,[199. 160. 199. 199. 199.]
199.0,187.4,[199. 129. 169. 250. 190.]
149.0,150.6,[149. 149. 100. 135. 220.]
225.0,227.0,[225. 225. 225. 235. 225.]
300.0,303.0,[300. 300. 300. 300. 315.]
160.0,188.0,[220. 200. 170. 160. 190.]
450.0,376.8,[399. 425. 300. 360. 400.]
410.0,410.0,[410. 410. 410. 410. 410.]
150.0,150.0,[150. 150. 150. 150. 150.]
130.0,115.0,[110. 130.  90. 145. 100.]
180.0,180.0,[180. 180. 180. 180. 180.]
150.0,150.0,[150. 150. 150. 150. 150.]
160.0,156.8,[129. 175. 160. 160. 160.]
420.0,548.0,[420. 650. 420. 400. 850.]
260.0,255.8,[260. 260. 239. 260. 260.]
190.0,164.0,[190. 180. 190. 130. 130.]
140.0,104.0,[140.  50.  50. 140. 140.]
120.0,133.8,[199. 120. 175. 120.  55.]
280.0,298.0,[280. 425. 170. 250. 365.]
800.0,800.0,[800. 800. 800. 800. 800.]
240.0,244.0,[240. 185. 280. 275. 240.]
1050.0,644.0,[ 450.  700.  420.  600. 1050.]
230.0,236.8,[230. 185. 270. 249. 250.]
79.0,88.6,[ 79.  79. 120. 100.  65.]
475.0,475.0,[500. 450. 450. 500. 475.]
900.0,900.0,[900. 900. 900. 900. 900.]
410.0,410.0,[410. 410. 410. 410. 410.]
900.0,816.0,[800. 800. 900. 700. 880.]
200.0,200.0,[200. 200. 200. 200. 200.]
800.0,840.0,[800. 900. 800. 800. 900.]
475.0,472.0,[460. 475. 475. 450. 500.]
140.0,214.8,[149. 140. 100. 360. 325.]
580.0,809.8,[550. 800. 900. 999. 800.]
300.0,233.0,[300. 150. 125. 350. 240.]
750.0,750.0,[750. 750. 750. 750. 750.]
400.0,400.0,[400. 400. 400. 400. 400.]
550.0,580.0,[550. 550. 550. 700. 550.]
180.0,190.0,[150. 180. 180. 180. 260.]
150.0,150.0,[150. 150. 150. 150. 150.]
199.0,182.4,[199. 140. 199. 149. 225.]
899.0,660.0,[ 500.  800. 1000.  500.  500.]
150.0,144.0,[150. 150. 150. 120. 150.]
180.0,174.0,[180. 180. 180. 180. 150.]
180.0,182.0,[220. 160. 200. 150. 180.]
429.0,420.2,[429. 429. 429. 429. 385.]
800.0,805.0,[800. 850. 775. 800. 800.]
600.0,486.0,[400. 300. 580. 400. 750.]
93.0,85.8,[100. 100. 100.  79.  50.]
110.0,118.0,[150. 110. 110. 110. 110.]
130.0,122.0,[130. 110. 130. 130. 110.]
100.0,100.0,[100. 100. 100. 100. 100.]
100.0,100.0,[100. 100. 100. 100. 100.]
90.0,133.0,[ 90.  85. 100.  40. 350.]
90.0,69.0,[85. 90. 70. 50. 50.]
110.0,216.0,[150. 200.  50.  80. 600.]
380.0,383.0,[375. 380. 380. 380. 400.]
90.0,114.0,[ 90.  50.  90.  90. 250.]
90.0,118.0,[ 90.  90.  90.  90. 230.]
90.0,118.0,[ 90.  90.  90.  90. 230.]
169.0,157.6,[150. 169. 150. 169. 150.]
300.0,300.0,[300. 300. 300. 300. 300.]
300.0,318.0,[350. 300. 300. 300. 340.]
180.0,153.4,[180. 180. 180. 137.  90.]
79.0,183.6,[ 79. 130. 185. 275. 249.]
100.0,114.0,[100.  50. 100. 130. 190.]
90.0,75.0,[ 50.  60.  90.  50. 125.]
90.0,81.0,[ 35.  90.  40.  90. 150.]
90.0,69.0,[60. 80. 90. 70. 45.]
90.0,150.6,[179. 105. 200. 179.  90.]
349.0,354.4,[349. 350. 349. 349. 375.]
275.0,244.0,[275. 275. 220. 275. 175.]
175.0,230.0,[175. 175. 175. 375. 250.]
640.0,520.8,[575. 600. 650. 500. 279.]
190.0,138.0,[190.  95. 150.  65. 190.]
149.0,126.6,[149. 240. 149.  55.  40.]
275.0,274.0,[275. 275. 275. 275. 270.]
325.0,286.8,[325. 325. 380.  79. 325.]
225.0,195.0,[300. 250. 225. 100. 100.]
600.0,600.0,[600. 600. 600. 600. 600.]
200.0,184.0,[200. 200. 180. 150. 190.]
250.0,279.0,[250. 295. 350. 250. 250.]
475.0,470.0,[475. 475. 475. 475. 450.]
100.0,106.0,[100. 100. 100.  80. 150.]
300.0,300.0,[300. 300. 300. 300. 300.]
600.0,760.0,[900. 900. 800. 600. 600.]
500.0,500.0,[500. 500. 500. 500. 500.]
549.0,536.0,[730. 500. 500. 450. 500.]
999.0,899.6,[999. 999. 800. 800. 900.]
160.0,330.0,[160. 160. 400. 280. 650.]
110.0,252.0,[110. 250. 250. 250. 400.]
950.0,660.0,[950. 950. 650. 375. 375.]
70.0,153.0,[ 70. 225. 100.  70. 300.]
38.0,74.0,[ 55. 130.  60.  65.  60.]
85.0,233.0,[250. 260. 250. 170. 235.]
42.0,139.8,[150. 200. 150.  79. 120.]
250.0,260.0,[250. 250. 300. 250. 250.]
370.0,305.0,[460. 285. 400. 240. 140.]
500.0,500.0,[500. 500. 500. 500. 500.]
549.0,635.0,[800. 750. 600. 550. 475.]
700.0,772.0,[800. 700. 700. 960. 700.]
42.0,183.0,[220. 100. 240. 200. 155.]
85.0,356.8,[550. 450. 519.  85. 180.]
179.0,149.8,[149. 120. 200. 130. 150.]
155.0,161.6,[180. 175. 129. 155. 169.]
620.0,364.0,[550. 350. 300. 300. 320.]
600.0,730.0,[600. 600. 900. 950. 600.]
450.0,450.0,[450. 450. 450. 450. 450.]
35.0,169.8,[200. 150. 169. 130. 200.]
255.0,301.0,[300. 365. 100. 360. 380.]
100.0,110.0,[100. 100. 150. 100. 100.]
170.0,150.0,[170. 150. 180. 150. 100.]
100.0,174.0,[100. 110. 300. 300.  60.]
350.0,350.0,[350. 350. 350. 350. 350.]
120.0,144.0,[120. 120. 150. 100. 230.]
500.0,500.0,[500. 500. 500. 500. 500.]
915.0,859.8,[800. 999. 800. 900. 800.]
110.0,99.0,[110.  50. 240.  55.  40.]
220.0,211.4,[220. 220. 210. 200. 207.]
115.0,116.8,[115. 150. 115. 115.  89.]
115.0,93.8,[115. 115.  50. 149.  40.]
700.0,700.0,[700. 700. 700. 700. 700.]
800.0,800.0,[800. 800. 800. 800. 800.]
440.0,355.8,[440. 300. 300. 399. 340.]
95.0,93.0,[120.  95. 100.  85.  65.]
500.0,500.0,[500. 500. 500. 500. 500.]
750.0,760.0,[750. 750. 800. 750. 750.]
610.0,800.0,[ 600.  750. 1100. 1000.  550.]
900.0,816.0,[800. 800. 900. 700. 880.]
415.0,446.0,[300. 430. 400. 550. 550.]
150.0,160.0,[150. 150. 150. 200. 150.]
675.0,474.0,[500. 520. 700. 300. 350.]
425.0,391.0,[425. 425. 425. 300. 380.]
99.0,189.8,[ 99. 350.  90. 275. 135.]
82.0,344.4,[750. 260. 250.  82. 380.]
185.0,98.0,[ 75.  90. 160. 100.  65.]
230.0,208.0,[230. 230. 160. 190. 230.]
589.0,565.6,[589. 489. 600. 500. 650.]
489.0,532.6,[489. 599. 475. 550. 550.]
250.0,250.0,[250. 250. 250. 250. 250.]
280.0,303.0,[280. 300. 375. 280. 280.]
289.0,216.0,[ 50. 250. 250. 290. 240.]
319.0,405.8,[375. 399. 500. 375. 380.]
500.0,664.8,[899. 500. 550. 875. 500.]
780.0,757.0,[780. 780. 500. 825. 900.]
219.0,191.4,[219. 290.  90. 209. 149.]
239.0,206.0,[125. 250. 250. 235. 170.]
199.0,225.6,[220. 199. 250. 199. 260.]
99.0,139.6,[ 99.  99. 135. 275.  90.]
319.0,343.0,[350. 350. 300. 345. 370.]
289.0,244.4,[289. 289. 289.  80. 275.]
389.0,333.6,[389. 329. 300. 350. 300.]
449.0,439.4,[450. 449. 449. 449. 400.]
189.0,162.0,[100. 160. 220. 120. 210.]
189.0,168.0,[210. 150. 160. 100. 220.]
729.0,601.8,[600. 480. 749. 500. 680.]
149.0,177.0,[149. 275. 127. 185. 149.]
420.0,419.4,[407. 410. 440. 420. 420.]
489.0,535.4,[489. 500. 650. 589. 449.]
100.0,155.0,[100. 100. 200. 275. 100.]
349.0,339.6,[349. 300. 399. 350. 300.]
330.0,224.0,[330. 150. 140. 150. 350.]
440.0,440.0,[440. 440. 440. 440. 440.]
289.0,236.8,[289. 190. 175. 275. 255.]
325.0,342.0,[325. 375. 360. 325. 325.]
289.0,226.8,[200. 200. 289. 185. 260.]
459.0,600.0,[ 500.  475.  450.  575. 1000.]
199.0,181.6,[230. 149. 180. 249. 100.]
199.0,421.6,[400. 579. 199. 280. 650.]
190.0,276.4,[190. 200. 650. 105. 237.]
199.0,151.4,[199. 140. 140.  79. 199.]
465.0,273.8,[160. 380. 429. 250. 150.]
449.0,439.4,[450. 449. 449. 449. 400.]
409.0,487.8,[400. 429. 440. 420. 750.]
349.0,349.0,[349. 349. 349. 349. 349.]
489.0,532.6,[489. 599. 475. 550. 550.]
700.0,523.0,[700. 600. 700. 315. 300.]
560.0,410.0,[350. 400. 560. 440. 300.]
370.0,375.0,[370. 370. 370. 350. 415.]
440.0,206.0,[225. 180.  55. 360. 210.]
249.0,237.6,[249. 170. 259. 230. 280.]
419.0,415.4,[440. 410. 410. 407. 410.]
249.0,429.6,[299. 525. 650. 299. 375.]
489.0,535.4,[489. 500. 650. 589. 449.]
489.0,729.8,[ 489.  750. 1000.  950.  460.]
489.0,729.8,[ 489.  750. 1000.  950.  460.]
565.0,584.6,[550. 458. 750. 565. 600.]
340.0,267.8,[290. 240. 290. 280. 239.]
419.0,339.8,[310. 339. 350. 300. 400.]
700.0,720.0,[700. 700. 700. 700. 800.]
290.0,332.0,[400. 290. 290. 390. 290.]
170.0,149.0,[170. 135.  70. 170. 200.]
449.0,373.8,[449. 350. 380. 350. 340.]
429.0,379.4,[300. 429. 429. 429. 310.]
230.0,318.0,[290. 375. 375. 260. 290.]
599.0,699.6,[599. 599. 700. 900. 700.]
625.0,600.0,[625. 625. 625. 625. 500.]
1000.0,850.0,[ 900.  900. 1000. 1000.  450.]
230.0,214.0,[235. 250. 170. 250. 165.]
150.0,180.0,[150. 150. 100. 350. 150.]
199.0,192.4,[199. 199. 199. 275.  90.]
149.0,163.4,[149. 149. 150. 200. 169.]
239.0,223.8,[200. 239. 150. 250. 280.]
389.0,369.8,[389. 415. 360. 335. 350.]
329.0,314.8,[329. 300. 300. 325. 320.]
189.0,168.0,[210. 150. 160. 100. 220.]
729.0,601.8,[600. 480. 749. 500. 680.]
689.0,764.0,[1050.  575. 1100.  625.  470.]
429.0,425.8,[429. 420. 440. 400. 440.]
199.0,155.4,[199. 199. 150. 150.  79.]
449.0,440.8,[449. 449. 449. 407. 450.]
589.0,582.8,[589. 500. 600. 500. 725.]
589.0,582.8,[589. 500. 600. 500. 725.]
600.0,600.0,[600. 600. 600. 600. 600.]
199.0,197.4,[199. 199. 225. 199. 165.]
249.0,145.6,[140. 150. 180. 179.  79.]
329.0,319.8,[300. 350. 300. 320. 329.]
429.0,425.8,[429. 420. 440. 400. 440.]
319.0,347.0,[310. 375. 350. 350. 350.]
200.0,219.8,[200. 299. 200. 200. 200.]
150.0,182.0,[150. 150. 200. 190. 220.]
200.0,200.0,[200. 200. 200. 200. 200.]
329.0,647.0,[ 400. 1000. 1100.  360.  375.]
550.0,323.0,[345. 350. 400. 100. 420.]
330.0,426.0,[330. 400. 550. 300. 550.]
249.0,221.4,[249. 180. 249. 249. 180.]
249.0,249.0,[249. 249. 249. 249. 249.]
429.0,419.2,[407. 410. 410. 429. 440.]
160.0,172.0,[160. 160. 160. 160. 220.]
189.0,249.6,[129. 375. 249. 120. 375.]
649.0,670.0,[1000.  600.  500.  750.  500.]
589.0,582.8,[589. 500. 600. 500. 725.]
249.0,220.8,[175. 249. 220. 260. 200.]
209.0,166.0,[200. 175.  95. 160. 200.]
319.0,326.8,[390. 325. 300. 319. 300.]
709.0,661.8,[450. 700. 750. 709. 700.]
489.0,517.8,[489. 500. 500. 500. 600.]
450.0,450.0,[450. 450. 450. 450. 450.]
250.0,375.6,[250. 250. 329. 799. 250.]
300.0,300.0,[300. 300. 300. 300. 300.]
40.0,40.0,[40. 40. 40. 40. 40.]
800.0,800.0,[800. 800. 800. 800. 800.]
200.0,215.8,[249. 200. 200. 230. 200.]
560.0,567.6,[600. 586. 575. 527. 550.]
712.0,751.4,[700. 750. 703. 704. 900.]
200.0,200.0,[200. 200. 200. 200. 200.]
480.0,531.6,[520. 550. 458. 480. 650.]
900.0,864.0,[900. 900. 900. 720. 900.]
270.0,248.0,[300. 280. 160. 250. 250.]
150.0,148.0,[140. 150. 150. 150. 150.]
120.0,141.8,[120. 160. 150. 150. 129.]
249.0,221.6,[199. 200.  80. 249. 380.]
500.0,500.0,[500. 500. 500. 500. 500.]
550.0,847.8,[ 999.  750.  690.  800. 1000.]
850.0,830.0,[900. 650. 900. 900. 800.]
180.0,180.0,[180. 180. 180. 180. 180.]
850.0,775.8,[780. 700. 600. 800. 999.]
250.0,335.0,[250. 175. 750. 250. 250.]
190.0,151.8,[149. 150. 135. 250.  75.]
725.0,698.0,[750. 725. 725. 490. 800.]
720.0,798.8,[825. 999. 650. 720. 800.]
325.0,340.0,[310. 325. 325. 340. 400.]
500.0,520.0,[500. 500. 500. 600. 500.]
80.0,132.0,[ 80. 170.  80.  80. 250.]
399.0,367.6,[399. 380. 340. 320. 399.]
950.0,949.8,[950. 950. 950. 949. 950.]
100.0,94.0,[100. 100. 100.  70. 100.]
300.0,320.0,[300. 300. 300. 300. 400.]
650.0,650.0,[650. 650. 650. 650. 650.]
475.0,472.0,[460. 475. 475. 450. 500.]
450.0,464.0,[450. 520. 450. 450. 450.]
170.0,137.0,[175.  90. 130. 170. 120.]
350.0,350.0,[350. 350. 350. 350. 350.]
350.0,345.0,[350. 350. 325. 350. 350.]
750.0,750.0,[750. 750. 750. 750. 750.]
279.0,101.2,[ 50.  55. 127. 149. 125.]
229.0,159.8,[ 95. 120. 160. 275. 149.]
450.0,418.0,[450. 450. 400. 390. 400.]
890.0,891.8,[890. 890. 890. 890. 899.]
179.0,149.8,[149. 120. 200. 130. 150.]
179.0,156.8,[119. 160. 220. 150. 135.]
350.0,350.0,[350. 350. 350. 350. 350.]
190.0,179.0,[190. 190. 190. 190. 135.]
625.0,385.0,[160. 450. 625. 190. 500.]
800.0,750.0,[ 800.  450.  800.  700. 1000.]
480.0,537.8,[480. 499. 460. 600. 650.]
200.0,180.0,[200. 200. 200. 200. 100.]
950.0,830.0,[950. 800. 500. 950. 950.]
170.0,174.0,[ 90. 220. 170. 140. 250.]
425.0,340.0,[270. 425. 350. 230. 425.]
100.0,92.0,[100. 100. 100. 100.  60.]
475.0,474.0,[475. 475. 475. 475. 470.]
475.0,472.0,[460. 475. 475. 450. 500.]
200.0,200.0,[200. 200. 200. 200. 200.]
600.0,600.0,[600. 600. 600. 600. 600.]
600.0,600.0,[600. 600. 600. 600. 600.]
700.0,700.0,[700. 700. 700. 700. 700.]
599.0,699.6,[599. 599. 700. 900. 700.]
650.0,650.0,[650. 650. 650. 650. 650.]
650.0,650.0,[650. 650. 650. 650. 650.]
345.0,345.4,[349. 379. 300. 350. 349.]
700.0,700.0,[700. 650. 700. 650. 800.]
700.0,700.0,[700. 650. 700. 650. 800.]
825.0,774.8,[799. 825. 750. 950. 550.]
50.0,107.8,[ 50.  50. 249. 140.  50.]
70.0,70.0,[70. 70. 70. 70. 70.]
60.0,90.8,[ 75. 100.  99. 120.  60.]
100.0,123.0,[165. 100. 150. 100. 100.]
200.0,230.0,[250. 250. 250. 200. 200.]
240.0,215.0,[240. 240. 220. 135. 240.]
100.0,139.8,[100. 100. 100. 250. 149.]
550.0,560.0,[550. 550. 550. 600. 550.]
240.0,189.0,[240. 240. 250. 140.  75.]
140.0,127.8,[140. 140. 140.  79. 140.]
275.0,275.0,[275. 275. 275. 275. 275.]
98.0,130.8,[130. 125. 140. 110. 149.]
125.0,124.0,[125. 120. 125. 125. 125.]
150.0,169.0,[150. 150. 150. 100. 295.]
600.0,600.0,[600. 600. 600. 600. 600.]
900.0,816.0,[800. 800. 900. 700. 880.]
100.0,134.0,[100. 160. 160. 150. 100.]
850.0,850.0,[850. 850. 850. 850. 850.]
120.0,122.0,[130. 120. 120. 120. 120.]
100.0,117.0,[100. 100. 100. 100. 185.]
1050.0,1019.8,[1050.  899. 1050. 1050. 1050.]
450.0,460.0,[450. 450. 450. 450. 500.]
499.0,473.6,[470. 450. 450. 499. 499.]
280.0,285.0,[290. 280. 280. 295. 280.]
150.0,150.0,[150. 150. 150. 150. 150.]
380.0,380.0,[380. 380. 380. 380. 380.]
240.0,239.8,[240. 240. 240. 280. 199.]
375.0,383.0,[375. 375. 375. 375. 415.]
185.0,207.0,[170. 325. 160. 180. 200.]
260.0,187.6,[260. 100. 180. 149. 249.]
190.0,182.0,[190. 190. 190. 190. 150.]
325.0,330.0,[325. 325. 325. 350. 325.]
400.0,400.0,[400. 400. 400. 400. 400.]
350.0,350.0,[350. 350. 350. 350. 350.]
325.0,330.0,[325. 325. 325. 325. 350.]
340.0,323.0,[420. 345. 100. 350. 400.]
275.0,267.6,[275. 275. 275. 288. 225.]
400.0,400.0,[400. 400. 400. 400. 400.]
200.0,200.0,[200. 200. 200. 200. 200.]
450.0,450.0,[450. 450. 450. 450. 450.]
1100.0,966.0,[1100. 1050.  980. 1100.  600.]
100.0,97.0,[100. 100.  85. 100. 100.]
650.0,635.0,[ 450.  650.  575. 1000.  500.]
325.0,325.0,[325. 325. 325. 325. 325.]
600.0,414.0,[550. 300. 320. 300. 600.]
250.0,250.0,[250. 250. 250. 250. 250.]
740.0,524.8,[999. 300. 380. 425. 520.]
300.0,300.0,[300. 300. 300. 300. 300.]
300.0,302.0,[300. 300. 300. 310. 300.]
200.0,196.0,[200. 200. 180. 200. 200.]
870.0,644.0,[870. 750. 500. 300. 800.]
99.0,90.6,[ 99. 150.  99.  55.  50.]
50.0,220.0,[ 50. 400. 230. 230. 190.]
50.0,56.0,[50. 50. 80. 50. 50.]
700.0,648.0,[500. 700. 700. 790. 550.]
50.0,112.0,[ 50.  50. 150. 210. 100.]
1099.0,780.0,[750. 700. 750. 850. 850.]
1099.0,870.0,[ 900.  400. 1050.  950. 1050.]
1050.0,662.8,[840. 975. 400. 599. 500.]
1050.0,662.8,[840. 975. 400. 599. 500.]
125.0,110.0,[125.  65. 125.  75. 160.]
450.0,450.0,[450. 450. 450. 450. 450.]
60.0,70.8,[60. 60. 70. 65. 99.]
170.0,215.0,[170. 170. 350. 170. 215.]
950.0,950.0,[950. 950. 950. 950. 950.]
500.0,526.0,[500. 500. 500. 630. 500.]
285.0,389.0,[285. 600. 310. 415. 335.]
399.0,363.6,[399. 399. 300. 320. 400.]
400.0,368.0,[400. 400. 490. 150. 400.]
600.0,600.0,[600. 600. 600. 600. 600.]
175.0,166.0,[175. 140. 175. 250.  90.]
100.0,105.8,[129. 100. 100. 100. 100.]
1000.0,849.8,[ 799.  750.  750. 1000.  950.]
120.0,152.8,[ 99. 200. 120. 120. 225.]
150.0,221.0,[150. 150. 225. 290. 290.]
400.0,440.0,[400. 600. 400. 400. 400.]
320.0,216.0,[250. 250. 290. 240.  50.]
550.0,600.0,[550. 800. 550. 550. 550.]
410.0,372.0,[440. 350. 400. 350. 320.]
650.0,735.0,[650. 650. 900. 600. 875.]
120.0,182.0,[120. 120. 210. 280. 180.]
120.0,154.0,[150. 150. 150. 120. 200.]
120.0,166.0,[120. 120. 240. 190. 160.]
120.0,190.0,[180. 150. 130. 250. 240.]
120.0,144.0,[175. 150. 180. 100. 115.]
130.0,131.8,[130. 149. 120. 130. 130.]
200.0,200.0,[200. 200. 200. 200. 200.]
475.0,740.0,[700. 800. 650. 700. 850.]
580.0,590.0,[570. 500. 580. 550. 750.]
300.0,300.0,[300. 300. 300. 300. 300.]
590.0,572.0,[590. 590. 590. 590. 500.]
450.0,450.0,[450. 450. 450. 450. 450.]
450.0,479.8,[450. 450. 500. 549. 450.]
235.0,324.0,[600. 350. 190. 230. 250.]
120.0,142.0,[150. 150. 120. 150. 140.]
120.0,132.0,[120. 200. 110. 110. 120.]
